Name (Social Reason),Legal Designation,Other Designation,Address,City,Postal Code,Province,Country,Latitude,Longitude,Administration Region,Permit #,Measure under the Permit #,Type of Permit,AMBQ Member,Year Founded,Website,Email,Telephone,Facebook,Ratebeer,Untappd,Menu,Twitter,Wikidata,Youtube,Instagram,Pinterest,Snapchat,Other,Notes
LE CHEVAL BLANC ,9068-8912 QUÉBEC INC.,,"809, RUE ONTARIO EST ",MONTRÉAL,H2L 1P1 ,Québec,Canada,45.518207,-73.564277,6,AB001 ,,Producteur artisanal de bière ,1,1987,http://www.lechevalblanc.ca/,fmartel@lechevalblanc.ca,514-522-0211,https://www.facebook.com/Le-Cheval-Blanc-104725816258577,http://www.ratebeer.com/brewers/le-cheval-blanc/1111/,https://untappd.com/LeChevalBlancCo,X,X,?,?,https://www.instagram.com/chevalblancmtl/,?,?,,
L'INOX,NOUVEAUX BRASSEURS ASSOCIES INC.,,"655, GRANDE-ALLÉE EST ",QUÉBEC ,G1R 2K4 ,Québec,Canada,46.806454,-71.215989,3,AB002 ,,Producteur artisanal de bière ,1,1987,http://www.inox.qc.ca/,inox@inox.qc.ca,418-692-2877,https://www.facebook.com/barlinox,http://www.ratebeer.com/brewers/linox-maitres-brasseurs/1110/,https://untappd.com/w/l-inox-ma-tres-brasseurs/17654,https://www.aumenu.info/inox/,X,?,?,https://www.instagram.com/barinoxqc/,?,?,,
MICROBRASSERIE LA DIABLE ,MICROBRASSERIE LA DIABLE INC.,,"117, CHEMIN KANDAHAR, C.P. 2669, SUCC.B ",MONT-TREMBLANT ,J8E 1B1 ,Québec,Canada,46.209756,-74.585661,15,AB009 ,,Producteur artisanal de bière ,0,1997,http://www.microladiable.com/,?,819-681-4546,https://www.facebook.com/ladiablemicro,http://www.ratebeer.com/brewers/microbrasserie-la-diable/1452/,https://untappd.com/w/microbrasserie-la-diable/40267,X,X,?,?,X,?,?,,
BRASSERIE ART. CHEZ GAMBRINUS,9032-8451 QUÉBEC INC.,,"3160, BOULEVARD DES FORGES ",TROIS-RIVIÈRES ,G8Z 1V6 ,Québec,Canada,46.349034,-72.571664,4,AB011 ,,Producteur artisanal de bière ,1,1996,http://www.gambrinus.qc.ca/,gambrinus@cgocable.ca,819-691-3371,https://www.facebook.com/Gambrinus-129524540433200/?fref=ts,http://www.ratebeer.com/brewers/brasserie-chez-gambrinus/1804/,https://untappd.com/w/gambrinus-brasserie-artisanale/33840,X,X,?,?,X,?,?,,
BRASS. ARTISANALE L'AMERE A BOIRE,BRASS. ARTISANALE L'AMERE A BOIRE INC.,,"2049, RUE SAINT-DENIS ",MONTRÉAL ,H2X 3K9 ,Québec,Canada,45.516375,-73.566117,6,AB012 ,,Producteur artisanal de bière ,0,1996,http://www.amereaboire.com/,info@amereaboire.com,514-282-7448,https://www.facebook.com/amereaboire,http://www.ratebeer.com/brewers/lamere-a-boire/912/,https://untappd.com/w/lamere-a-boire/6335,X,https://twitter.com/amereaboire,?,?,X,?,?,,
BRUTOPIA ,9023-7918 QUÉBEC INC.,,"1219, RUE CRESCENT",MONTRÉAL ,H3G 2B1 ,Québec,Canada,45.496724,-73.574436,6,AB013 ,,Producteur artisanal de bière ,0,1997,http://www.brutopia.net/,info@brutopia.net,514-393-9277,https://www.facebook.com/Brutopia-Brew-Pub-30270360433/,http://www.ratebeer.com/brewers/brutopia/914/,https://untappd.com/Brutopiabrewpub,X,https://twitter.com/Brutopia,?,?,https://www.instagram.com/brutopia_brew_pub/,?,?,,
BRASSERIE DIEU DU CIEL,BRASSERIE DIEU DU CIEL INC.,,"29, RUE LAURIER OUEST",MONTRÉAL ,H2T 2N2 ,Québec,Canada,45.522515,-73.5933,6,AB016 ,,Producteur artisanal de bière ,1,1998,http://www.dieuduciel.com/,info@dieuduciel.com,514-490-9555,https://www.facebook.com/BrasserieDieuduCiel/,http://www.ratebeer.com/brewers/dieu-du-ciel/364/,https://untappd.com/w/brasserie-dieu-du-ciel/1674,X,https://twitter.com/Brasseries_DDC,?,?,https://www.instagram.com/brasseriedieuduciel/,?,?,,
LE BROUEMONT ,CHEZ TABBY INC.,,"107, BOULEVARD BROMONT",BROMONT ,J2L 2K7 ,Québec,Canada,45.317971,-72.656949,16,AB017 ,,Producteur artisanal de bière ,0,2004,http://www.brouemont.com/,info@brouemont.com,450-534-0001,https://www.facebook.com/brouemont,http://www.ratebeer.com/brewers/brouemont/3788/,https://untappd.com/w/brouemont-microbrasserie--restaurant/23273,X,X,?,?,X,?,?,,
LES TROIS BRASSEURS (SAINT-DENIS),9190-7121 QUÉBEC INC.,,"1660, RUE SAINT-DENIS",MONTRÉAL ,H2X 3K6 ,Québec,Canada,45.515045,-73.563568,6,AB020 ,,Producteur artisanal de bière ,0,2002,http://www.les3brasseurs.ca/,info@les3brasseurs.ca,514-845-1660,https://www.facebook.com/Les3Brasseurs,http://www.ratebeer.com/brewers/les-3-brasseurs--the-3-brewers-canada/5673/,https://untappd.com/Les3BrasseursThe3Brewers,X,https://twitter.com/3BrasseursCA,?,?,https://www.instagram.com/3brasseursca/,?,?,,
LE RÉSERVOIR ,9115-2074 QUÉBEC INC.,,"9, RUE DULUTH ",MONTRÉAL ,H2W 1G7 ,Québec,Canada,45.517212,-73.579193,6,AB023 ,,Producteur artisanal de bière ,0,2002,http://www.brasseriereservoir.ca/,info@brasseriereservoir.ca,514-849-7779,https://www.facebook.com/pages/Brasserie-Reservoir/473621195998462,http://www.ratebeer.com/brewers/reservoir/3059/,https://untappd.com/w/reservoir/18527,X,X,?,?,?,?,?,,
MICRO-BRASSERIE DE LA MARE AU DIABLE,9127-2419 QUÉBEC INC.,,"151, RUE KING OUEST ",SHERBROOKE ,J1H 1P4 ,Québec,Canada,45.401048,-71.891302,5,AB024 ,,Producteur artisanal de bière ,0,2003,https://www.facebook.com/pages/La-Mare-au-Diable/195156190525955,la-mare-au-diable@videotron.ca,819-562-1001,https://www.facebook.com/lamareaudiable/,http://www.ratebeer.com/brewers/la-mare-au-diable/4230/,https://untappd.com/w/la-mare-au-diable/59351,X,X,?,?,?,?,?,,
BEDONDAINE ET BEDONS RONDS,BEDONDAINE ET BEDONS RONDS BRASSEUR ARTISAN INC.,,"255, RUE OSTIGUY ",CHAMBLY ,J3L 2Z7 ,Québec,Canada,45.446502,-73.28606,16,AB028 ,,Producteur artisanal de bière ,1,2005,http://www.bedondaine.com/,info@bedondaine.com,450-447-5165,https://www.facebook.com/bedondaine.bedonsronds/,http://www.ratebeer.com/brewers/bedondaine-et-bedons-ronds/5843/,https://untappd.com/w/bedondaine-bedons-ronds/19446,X,https://twitter.com/bedondaine_br,?,?,?,?,?,,
LES TROIS BRASSEURS (SAINTE-CATHERINE),9190-7121 QUÉBEC INC.,,"732, RUE SAINTE-CATHERINE OUEST ",MONTRÉAL ,H3B 1B9 ,Québec,Canada,45.502451,-73.570372,6,AB030 ,,Producteur artisanal de bière ,0,2005,http://www.les3brasseurs.ca/,info@les3brasseurs.ca,514-788-6333,https://www.facebook.com/3brasseursmcgill,http://www.ratebeer.com/brewers/les-3-brasseurs--the-3-brewers-canada/5673/,https://untappd.com/Les3BrasseursThe3Brewers,X,https://twitter.com/3BrasseursCA,?,?,https://www.instagram.com/3brasseursca/,?,?,,
LES TROIS BRASSEURS (SAINT-PAUL),9190-7121 QUÉBEC INC.,,"105, RUE SAINT-PAUL EST ",MONTRÉAL ,H2Y 1G7 ,Québec,Canada,45.506762,-73.553042,6,AB031 ,,Producteur artisanal de bière ,0,2005,http://www.les3brasseurs.ca/,info@les3brasseurs.ca,514-788-6100,https://www.facebook.com/3BrasseursSaintPaul/,http://www.ratebeer.com/brewers/les-3-brasseurs--the-3-brewers-canada/5673/,https://untappd.com/Les3BrasseursThe3Brewers,X,https://twitter.com/3BrasseursCA,?,?,https://www.instagram.com/3brasseursca/,?,?,,
BENELUX ,6453872 CANADA INC.,,"245, SHERBROOKE OUEST ",MONTRÉAL ,H2X 1X7 ,Québec,Canada,45.509506,-73.570918,6,AB033 ,,Producteur artisanal de bière ,1,2006,http://www.brasseriebenelux.com/,info@brasseriebenelux.com,514-543-9750,https://www.facebook.com/BrasserieArtisanaleBENELUX,http://www.ratebeer.com/brewers/benelux-brasserie-artisanale/6830/,https://untappd.com/w/benelux-brasserie-artisanale/4092,X,https://twitter.com/ruesherbrooke,?,?,?,?,?,,
LES TROIS BRASSEURS (CRESCENT),9190-7121 QUÉBEC INC.,,"1356, RUE SAINTE-CATHERINE OUEST ",MONTRÉAL ,H3G 1P6 ,Québec,Canada,45.497248,-73.575498,6,AB034 ,,Producteur artisanal de bière ,0,2006,http://www.les3brasseurs.ca/,info@les3brasseurs.ca,514-788-9788,https://www.facebook.com/3BrasseursCrescent,http://www.ratebeer.com/brewers/les-3-brasseurs--the-3-brewers-canada/5673/,https://untappd.com/Les3BrasseursThe3Brewers,X,https://twitter.com/3BrasseursCA,?,?,https://www.instagram.com/3brasseursca/,?,?,,
H.E.L.M.,9161-4917 QUÉBEC INC.,,"273, RUE BERNARD OUEST ",MONTRÉAL ,H2V 1T5 ,Québec,Canada,45.524018,-73.605372,6,AB036 ,,Producteur artisanal de bière ,1,2006,http://helmmicrobrasserie.ca/,webmail@helm-mtl.ca,514-276-0473,https://www.facebook.com/Helmmicrobrasseriesurbernard,http://www.ratebeer.com/brewers/helm-brasseur-gourmand/8373/,https://untappd.com/w/helm-microbrasserie/33965,https://www.aumenu.info/helm-microbrasserie-sur-bernard/,https://twitter.com/BrasseurHelm,?,?,https://www.instagram.com/helmmicrobrasserie/,?,?,,
LE SAINT-BOCK BRASSERIE ARTISANALE,LE SAINT-BOCK BRASSERIE ARTISANALE INC.,,"1749, RUE SAINT-DENIS ",MONTRÉAL ,H2X 3K4 ,Québec,Canada,45.515861,-73.564783,6,AB038 ,,Producteur artisanal de bière ,1,2006,http://www.saintbock.com/,info@lesaintbock.com,514-680-8052,https://www.facebook.com/SaintBock/,http://www.ratebeer.com/brewers/le-saint-bock/8288/,https://untappd.com/v/le-saint-bock/56961,X,https://twitter.com/LeSaintBock,?,?,?,?,?,,
LES TROIS BRASSEURS ,9190-7121 QUÉBEC INC.,,"9316, BOULEVARD LEDUC ",BROSSARD ,J4Y 0B3 ,Québec,Canada,45.445687,-73.436091,16,AB041 ,,Producteur artisanal de bière ,0,2008,http://www.les3brasseurs.ca/,info@les3brasseurs.ca,450-676-7215,https://www.facebook.com/3BrasseursBrossard,http://www.ratebeer.com/brewers/les-3-brasseurs--the-3-brewers-canada/5673/,https://untappd.com/Les3BrasseursThe3Brewers,X,https://twitter.com/3BrasseursCA,?,?,https://www.instagram.com/3brasseursca/,?,?,,
PUB LA VOIE MALTÉE ,9115-3023 QUÉBEC INC.,,"777, BOULEVARD TALBOT ",CHICOUTIMI,G7H 4B3 ,Québec,Canada,48.41731,-71.045159,2,AB042 ,,Producteur artisanal de bière ,1,2008,http://www.lavoiemaltee.com/,publavoiemaltee@hotmail.com,418-549-4141,https://www.facebook.com/voiemaltee,http://www.ratebeer.com/brewers/la-voie-maltee/3253/,https://untappd.com/w/la-voie-malt-e/10366,https://www.aumenu.info/la-voie-maltee-chicoutimi/,https://twitter.com/VoieMaltee,?,?,?,?,?,,
LES TROIS BRASSEURS ,9190-7121 QUÉBEC INC.,,"2900, AVENUE PIERRE-PÉLADEAU ",LAVAL ,H7T 3B3 ,Québec,Canada,45.562774,-73.744046,13,AB045 ,,Producteur artisanal de bière ,0,2010,http://www.les3brasseurs.ca/,info@les3brasseurs.ca,450-988-4848,https://www.facebook.com/Les3Brasseurs,http://www.ratebeer.com/brewers/les-3-brasseurs--the-3-brewers-canada/5673/,https://untappd.com/Les3BrasseursThe3Brewers,X,https://twitter.com/3BrasseursCA,?,?,https://www.instagram.com/3brasseursca/,?,?,,
KORRIGANE ,9208-4136 QUÉBEC INC.,,"380, RUE DORCHESTER ",QUÉBEC,G1K 6A7 ,Québec,Canada,46.813801,-71.226946,3,AB046 ,,Producteur artisanal de bière ,1,2010,http://www.korrigane.ca/,info@korrigane.ca,418-614-0932,https://www.facebook.com/LaKorrigane,http://www.ratebeer.com/brewers/la-korrigane/5995/,https://untappd.com/w/brasserie-la-korrigane/12734,https://www.aumenu.info/brasserie-artisanale-la-korrigane/,X,?,?,?,?,?,,
LA FABRIQUE,COOPÉRATIVE LE CABESTAN,,"360, AVENUE SAINTJÉRÔME ",MATANE ,G4W 3B1 ,Québec,Canada,48.84672,-67.529536,1,AB047 ,,Producteur artisanal de bière ,0,2014,http://www.publafabrique.com/,coop.lecabestan@gmail.com,418-566-4020,https://www.facebook.com/LaFabriqueBrasserieArtisanale/,http://www.ratebeer.com/brewers/la-fabrique/11271/,https://untappd.com/w/brasserie-artisanale-la-fabrique/31931,X,https://twitter.com/publafabrique,Q16664423,?,X,X,?,,
MICROBRASSERIE LA CAPTIVE,MICROBRASSERIE LA CAPTIVE INC.,,"140, BOULEVARD SAINT-BENOIT OUEST ",AMQUI ,G5J 2E8 ,Québec,Canada,48.465671,-67.431517,1,AB048 ,,Producteur artisanal de bière ,0,2010,http://www.lacaptive.ca/,info@lacaptive.ca,418-631-1343,https://www.facebook.com/la.captive,http://www.ratebeer.com/brewers/microbrasserie-la-captive/12349/,https://untappd.com/w/microbrasserie-la-captive/31929,X,X,Q26254100,?,X,X,?,,
ALBION BRASSERIE ARTISANALE ,9215-0648 QUÉBEC INC.,,"408, BOULEVARD MANSEAU ",JOLIETTE ,J6E 3E1 ,Québec,Canada,46.025392,-73.43951,14,AB049 ,,Producteur artisanal de bière ,1,2010,http://www.brasseriealbion.com/,brasseriealbion@gmail.com,450-759-7482,https://www.facebook.com/brasserieartisanale.albion,http://www.ratebeer.com/brewers/brasserie-artisanale-albion/12381/,https://untappd.com/BrasserieAlbion,X,X,?,?,?,?,?,,
LA SUCCURSALE ,9214-8147 QUÉBEC INC.,,"3188, RUE MASSON ",MONTRÉAL ,H1Y 1Y1 ,Québec,Canada,45.55016,-73.573493,6,AB051 ,,Producteur artisanal de bière ,0,2011,http://lasuccursale.com/,info@lasuccursale.com,514-508-1615,https://www.facebook.com/Brasserie-artisanale-La-Succursale-143406492363466,http://www.ratebeer.com/brewers/la-succursale/12864/,https://untappd.com/w/la-succursale/20082,X,https://twitter.com/LaSuccursale,?,?,?,?,?,,
LES TROIS BRASSEURS (ANJOU),9190-7121 QUÉBEC INC.,,"7225, BOULEVARD LES GALERIES D'ANJOU ",MONTRÉAL ,H1M 2W2 ,Québec,Canada,45.596872,-73.560503,6,AB052 ,,Producteur artisanal de bière ,0,2011,http://www.les3brasseurs.ca/,info@les3brasseurs.ca,514-351-5591,https://www.facebook.com/3BrasseursAnjou/,http://www.ratebeer.com/brewers/les-3-brasseurs--the-3-brewers-canada/5673/,https://untappd.com/Les3BrasseursThe3Brewers,X,https://twitter.com/3BrasseursCA,?,?,https://www.instagram.com/3brasseursca/,?,?,,
LA SOCIÉTÉ MICRO BRASSERIE,9220-1912 QUÉBEC INC.,,"11640, 1RE AVENUE ",SAINT-GEORGES ,G5Y 2C7 ,Québec,Canada,46.623744,-72.657681,12,AB053 ,,Producteur artisanal de bière ,0,2010,http://www.societemicrobrasserie.com/,info@societemicrobrasserie.com,418-226-4646,https://www.facebook.com/societemicrobrasserie/?rf=307182382638905,http://www.ratebeer.com/brewers/la-societe-microbrasserie/14044/,https://untappd.com/w/la-soci-t-microbrasserie/25369,X,X,Q26205075,?,?,?,?,,
MICROBRASSERIE LE COUREUR DES BOIS,MICROBRASSERIE LE COUREUR DES BOIS INC.,,"1551, BOULVARD WALLBERG ",DOLBEAU-MISTASSINI ,G8L 1H5 ,Québec,Canada,48.883188,-72.233521,2,AB054 ,,Producteur artisanal de bière ,0,2011,http://www.lecoureurdesbois.com/,lecoureurdesbois.com@gmail.com,418-979-1197,https://www.facebook.com/lecoureurdesbois,http://www.ratebeer.com/brewers/microbrasserie-le-coureur-des-bois/14045/,https://untappd.com/w/microbrasserie-le-coureur-des-bois/20682,X,X,?,?,?,?,?,,
LES TROIS BRASSEURS ,9190-7121 QUÉBEC INC.,,"2450, BOULEVARD LAURIER ",QUÉBEC ,G1V 2L1,Québec,Canada,46.773874,-71.275233,3,AB055 ,,Producteur artisanal de bière ,0,2011,http://www.les3brasseurs.ca/,info@les3brasseurs.ca,418-914-6515,https://www.facebook.com/3b220laurier/,http://www.ratebeer.com/brewers/les-3-brasseurs--the-3-brewers-canada/5673/,https://untappd.com/Les3BrasseursThe3Brewers,X,https://twitter.com/3BrasseursCA,?,?,https://www.instagram.com/3brasseursca/,?,?,,
BRASSERIE ARTISANALE LE SAINT-GRAAL,BRASSERIE ARTISANALE LE SAINT-GRAAL INC. ,,"32, RUE TURGEON ",SAINTE-THÉRÈSE ,J7E 3H4 ,Québec,Canada,45.638525,-73.840683,15,AB056 ,,Producteur artisanal de bière ,0,2010,http://www.saintgraal.ca/,?,450-818-6039,https://www.facebook.com/Le-Saint-Graal-Brasserie-artisanale-143139195698756/,http://www.ratebeer.com/brewers/le-saint-graal/12232/,https://untappd.com/w/brasserie-artisanale-le-saintgraal/22006,X,https://twitter.com/lesaintgraal,?,?,?,?,?,,
BISTRO-BRASSERIE LES SŒURS GRISES,9248-1779 QUÉBEC INC.,,"32, RUE MCGILL",MONTRÉAL ,H2Y 3W5 ,Québec,Canada,45.498723,-73.553162,6,AB058 ,,Producteur artisanal de bière ,0,2011,http://www.bblsg.com/,info@bblsg.com,514-788-7635,https://www.facebook.com/Bistro-Brasserie-Les-Soeurs-Grises-286991374657932/timeline/,http://www.ratebeer.com/brewers/bistro-brasserie-les-soeurs-grises/14232/,https://untappd.com/w/bistro-brasserie-les-soeurs-grises/66544,https://www.aumenu.info/bistro-brasserie-les-soeurs-grises/,X,?,?,?,?,?,,
LAGABIÈRE BRASSERIE ARTISANALE,LAGABIÈRE INC.,,"167, RUE RICHELIEU ",SAINT-JEAN-SUR-RICHELIEU,J3B 6X7 ,Québec,Canada,45.305432,-73.25067,16,AB059 ,,Producteur artisanal de bière ,1,2012,http://www.lagabiere.com/,info@lagabiere.com,450-376-6343,https://www.facebook.com/Lagabiere/,http://www.ratebeer.com/brewers/lagabiere/15804/,https://untappd.com/Lagabiere,X,X,?,?,https://www.instagram.com/lagabiere/,?,?,,
L'ESPACE PUBLIC - BRASSEURS DU QUARTIER,9247-5375 QUÉBEC INC.,,"3632, RUE ONTARIO EST",MONTRÉAL ,H1W 1R7 ,Québec,Canada,45.545397,-73.544393,6,AB060 ,,Producteur artisanal de bière ,1,2011,http://www.lespacepublic.ca/,info@lespacepublic.ca,514-419-9979,https://www.facebook.com/Espacepublic/?fref=ts,http://www.ratebeer.com/brewers/lespace-public/13945/,https://untappd.com/w/l-espace-public-brasseurs-de-quartier/22743,X,https://twitter.com/lespacepublic,?,?,https://www.instagram.com/lespacepublic/,?,?,,
BRASSERIE ARTISANALE LA SOUCHE,9251-6863 QUÉBEC INC.,,"801, CHEMIN DE LA CANARDIÈRE ",QUÉBEC ,G1J 2B8 ,Québec,Canada,46.828713,-71.225838,3,AB061 ,,Producteur artisanal de bière ,0,2011,http://www.lasouche.ca/,info@lasouche.ca,581-742-1144,https://www.facebook.com/brasserieartisanalelasouche,http://www.ratebeer.com/brewers/la-souche/15628/,https://untappd.com/LaSoucheBrasserieArtisanale,https://www.aumenu.info/la-souche/,X,?,?,?,?,?,,
BENELUX (VERDUN),8005320 CANADA INC.,,"4026, RUE WELLINGTON",VERDUN,H4G 1V3 ,Québec,Canada,45.463416,-73.566807,6,AB062 ,,Producteur artisanal de bière ,1,2013,http://www.brasseriebenelux.com/,info@brasseriebenelux.com,514-508-5592,https://www.facebook.com/BrasserieArtisanaleBENELUX,http://www.ratebeer.com/brewers/benelux-brasserie-artisanale-verdun/16811/,https://untappd.com/w/benelux-brasserie-artisanale/4092,X,https://twitter.com/ruewellington,?,?,?,?,?,,
LA VOIE MALTÉE (QUÉBEC),9261-9238 QUÉBEC INC.,,"1040, BOULEVARD PIERRE BERTRAND ",QUÉBEC ,G1M 3H1 ,Québec,Canada,46.828989,-71.27581,3,AB063 ,,Producteur artisanal de bière ,1,2013,http://www.lavoiemaltee.com/,publavoiemaltee@hotmail.com,418-683-5558,https://www.facebook.com/voiemaltee/,http://www.ratebeer.com/brewers/la-voie-maltee/3253/,https://untappd.com/w/la-voie-malt-e/10366,X,https://twitter.com/VoieMaltee,?,?,https://www.instagram.com/lavoiemaltee/,?,?,,
LES TROIS BRASSEURS ,9190-7121 QUÉBEC INC.,,"5401, BOULEVARD DES GALLERIES - PORTE 107 ",QUÉBEC ,G2K 1N4 ,Québec,Canada,46.825737,-71.234911,3,AB065 ,,Producteur artisanal de bière ,0,2013,http://www.les3brasseurs.ca/,info@les3brasseurs.ca,418-204-2086,https://www.facebook.com/3BrasseursCapitale,http://www.ratebeer.com/brewers/les-3-brasseurs--the-3-brewers-canada/5673/,https://untappd.com/Les3BrasseursThe3Brewers,X,https://twitter.com/3BrasseursCA,?,?,https://www.instagram.com/3brasseursca/,?,?,,
LES TROIS BRASSEURS (POINTE-CLAIRE),9190-7121 QUÉBEC INC.,,"46-A, BOULEVARD BRUNSWICK ",POINTE-CLAIRE ,H9B 2L3 ,Québec,Canada,45.468852,-73.826575,6,AB066 ,,Producteur artisanal de bière ,0,2013,http://www.les3brasseurs.ca/,info@les3brasseurs.ca,514-370-5590,https://www.facebook.com/3brasseurspteclaire,http://www.ratebeer.com/brewers/les-3-brasseurs--the-3-brewers-canada/5673/,https://untappd.com/Les3BrasseursThe3Brewers,X,https://twitter.com/3BrasseursCA,?,?,https://www.instagram.com/3brasseursca/,?,?,,
LES TROIS BRASSEURS ,9190-7121 QUÉBEC INC.,,"650, GRANDE ALLÉE EST",QUÉBEC ,G1R 2K5 ,Québec,Canada,46.806694,-71.216178,3,AB067 ,,Producteur artisanal de bière ,0,2014,http://www.les3brasseurs.ca/,info@les3brasseurs.ca,418-478-2868,https://www.facebook.com/3BrasseursGA,http://www.ratebeer.com/brewers/les-3-brasseurs--the-3-brewers-canada/5673/,https://untappd.com/Les3BrasseursThe3Brewers,X,https://twitter.com/3BrasseursCA,?,?,https://www.instagram.com/3brasseursca/,?,?,,
MICROBRASSERIE LA BOITE À MALT,MICROBRASSERIE LA BOITE À MALT INC. ,,"585, ROUTE 116 - LOCAL 402 ",SAINT-NICOLAS,G7A 2P6 ,Québec,Canada,46.79101,-71.175327,12,AB068 ,,Producteur artisanal de bière ,1,2014,http://www.boiteamalt.com/,info@boiteamalt.com,418-836-1000,https://www.facebook.com/boiteamalt/?fref=ts,http://www.ratebeer.com/brewers/microbrasserie-la-boite-a-malt/18787/,https://untappd.com/BoiteaMalt,X,https://twitter.com/boiteamalt,Q26205072,?,?,?,?,,
RESTO-GRILLADE ZEMA,9227-7862 QUÉBEC INC.,MICROBRASSERIE KAPADOKYA,"1507, AVENUE SAINT-LOUIS ",PLESSISVILLE ,G6L 2M7 ,Québec,Canada,46.208855,-71.75957,17,AB070 ,,Producteur artisanal de bière ,0,2014,?,?,819-362-9362,https://www.facebook.com/Microbrasserie-Kapadokya-229066360625351/timeline/,http://www.ratebeer.com/brewers/microbrasserie-kapadokya/22174/,https://untappd.com/w/microbrasserie-kapadokya/286988,X,X,?,?,?,?,?,,
RESTAURANT LAUREA,9285-2433 QUÉBEC INC.,LAUREA / LORBEER PUB,"381, LAURIER OUEST",MONTRÉAL,H2V 2K3,Québec,Canada,45.5191,-73.596361,6,AB072,,Producteur artisanal de bière ,0,2009,http://lorbeer.ca/,info@lorbeer.ca,514-507-2160,https://www.facebook.com/brasserielorbeer,?,https://untappd.com/w/lorbeer/222909,X,X,?,?,?,?,?,,
COOPÉRATIVE BRASSICOLE DE L'AUTRE MONDE,COOPÉRATIVE BRASSICOLE DE L'AUTRE MONDE,"BOQUÉBIÈRE, MICROBRASSERIE DE SHERBROOKE","50, RUE WELLINGTON NORD ",SHERBROOKE ,J1H 5B7 ,Québec,Canada,45.402304,-71.890713,5,AB073 ,,Producteur artisanal de bière ,0,2007,http://www.boquebiere.com/,info@boquebiere.com,819-542-1311,https://www.facebook.com/boquebiere/,http://www.ratebeer.com/brewers/boquebiere/10156/,https://untappd.com/boquebiere,X,https://twitter.com/Boquebiere,?,?,https://www.instagram.com/boquebiere/,?,?,,
PUB LA VOIE MALTÉE ,9115-3023 QUÉBEC INC.,,"2509, RUE SAINT-DOMINIQUE ",JONQUIÈRE,G7X 6K1 ,Québec,Canada,48.364064,-71.284807,2,AB074 ,,Producteur artisanal de bière ,1,2002,http://www.lavoiemaltee.com/,publavoiemaltee@hotmail.com,418-542-4373,https://www.facebook.com/voiemaltee/,http://www.ratebeer.com/brewers/la-voie-maltee/3253/,https://untappd.com/w/la-voie-malt-e/10366,https://www.aumenu.info/la-voie-maltee-jonquiere/,https://twitter.com/VoieMaltee,?,?,https://www.instagram.com/lavoiemaltee/,?,?,,
BRASSERIE HARRICANA ,9188-3173 QUÉBEC INC.,,"95, RUE JEAN-TALON EST ",MONTRÉAL ,H2R 2W8 ,Québec,Canada,45.533774,-73.619444,6,AB075 ,,Producteur artisanal de bière,0,2014,http://www.brasserieharricana.com/,info@brasserieharricana.com,514-667-0006,https://www.facebook.com/bharricana/,http://www.ratebeer.com/brewers/brasserie-harricana/22336/,https://untappd.com/BrasserieHarricana,X,https://twitter.com/BHarricana,?,?,https://www.instagram.com/brasserieharricana/,?,?,,
À L'ABORDAGE MICROBRASSERIE,À L'ABORDAGE MICROBRASSERIE INC.,,"10, RUE PRINCIPALE SUD ",SUTTON,J0E 2K0 ,Québec,Canada,45.112625,-72.617367,16,AB076 ,,Producteur artisanal de bière ,0,2015,http://www.brasseriealabordage.com/,info@brasseriealabordage.com,438-863-4358,https://www.facebook.com/alabordagebrasserie/,http://www.ratebeer.com/brewers/a-labordage/24792/,https://untappd.com/alabordage,X,X,?,?,https://www.instagram.com/microalabordage/,?,?,,
LA CONFRÉRIE MICROBRASSERIE,LE VERGER DE TILLY INC.,,"4385, TERRASSE DES CHÊNES",SAINT-ANTOINE-DE-TILLY ,G0S 2C0 ,Québec,Canada,46.655855,-71.602242,12,AB077 ,,Producteur artisanal de bière ,0,2015,http://www.vergerdetilly.com/,vergerdetilly@videotron.ca,581-982-8484,https://www.facebook.com/pages/La-Confr%C3%A9rie-Microbrasserie/100393600018755?sk=info,http://www.ratebeer.com/brewers/la-confrerie-microbrasserie/25506/,https://untappd.com/LaConfrerieMicrobrasserie,https://www.aumenu.info/la-confrerie-microbrasserie/,X,Q26205068,?,?,?,?,,
BARBE BROUE PUB ,9196-0351 QUÉBEC INC.,,"69, RUE SAINTE-ANNE ",VILLE-MARIE ,J9V 2B6,Québec,Canada,47.332054,-79.436392,8,AB078 ,,Producteur artisanal de bière ,0,2015,http://barbebrouepub.wix.com/barbebrouepub,barbe.broue.pub@gmail.com,819-629-7442,https://www.facebook.com/BarbeBroue,http://www.ratebeer.com/brewers/barbe-broue-pub/26717/,https://untappd.com/w/barbebroue/234411,X,X,?,?,?,?,?,,
BRASSEURS DU MOULIN,BRASSEURS DU MOULIN INC.,,"991, RUE RICHELIEU - SUITE 101 ET 102",BELOEIL,J3G 4P8,Québec,Canada,45.569724,-73.199197,16,AB079,,Producteur artisanal de bière ,0,2015,http://brasseursdumoulin.com/,info@brasseursdumoulin.com,450-527-1133,https://www.facebook.com/brasseursdumoulin/,http://www.ratebeer.com/brewers/brasseurs-du-moulin/25223/,https://untappd.com/w/brasseurs-du-moulin/209204,X,X,?,?,https://www.instagram.com/brasseursdumoulin/,?,?,,
NOCTEM ARTISANS BRASSEURS,NOCTEM ARTISANS BRASSEURS INC.,,"438, RUE DU PARVIS",QUEBEC,G1K 6H8,Québec,Canada,46.81409,-71.223395,3,AB080,,Producteur artisanal de bière ,1,2015,http://www.noctem.ca/,info@noctem.ca,581-742-7979,https://www.facebook.com/noctemartisansbrasseurs,http://www.ratebeer.com/brewers/noctem-artisans-brasseurs/24901/,https://untappd.com/NoctemArtisansBrasseurs,https://www.aumenu.info/noctem-artisans-brasseurs/,X,?,?,https://www.instagram.com/noctem.artisans.brasseurs/,?,?,,
LA BROUE SHOP BRASSERIE ARTISANALE,BROUE GESTION INC.,,"1950-A, CHEMIN DU FER-À-CHEVAL",SAINTE-JULIE,J3E 2T6,Québec,Canada,45.575356,-73.326983,16,AB081,,Producteur artisanal de bière ,0,2015,?,info@broueshop.com,450-649-6669,https://www.facebook.com/BroueShopBrasserieArtisanale,http://www.ratebeer.com/brewers/broue-shop/25635/,https://untappd.com/BroueShop,https://www.aumenu.info/la-broue-shop-brasserie-artisanale/,X,?,?,?,?,?,,
BISTRO-BRASSERIE LES SŒURS GRISES,BBLSG-TR INC.,,"1433, RUE NOTRE-DAME CENTRE",TROIS-RIVIÈRES ,G9A 4X1,Québec,Canada,46.331815,-72.555758,4,AB082,,Producteur artisanal de bière ,0,2015,http://www.bblsg.com/,info@bblsg.com,819-370-1208,https://www.facebook.com/bblsg3r/,http://www.ratebeer.com/brewers/bistro-brasserie-les-soeurs-grises/14232/,https://untappd.com/w/bistro-brasserie-les-soeurs-grises/66544,?,?,?,?,?,?,?,,
LA BRASSERIE LABATT DU CANADA S.C.S.,LA BRASSERIE LABATT DU CANADA S.C.S.,,"50, AVENUE LABATT",MONTREAL,H8R 3E7,Québec,Canada,45.42525,-73.644495,6,BR001 ,,Brasseur,0,,?,?,?,?,http://www.ratebeer.com/brewers/labatt-breweries-ab-inbev/51/,https://untappd.com/LabattBrewingCompany,?,?,?,?,?,?,?,,
MOLSON CANADA,MOLSON CANADA 2005,,"2005 1555 & 1320,1500,1550 1670 RUE NOTREDAME EST",MONTREAL,H2L 2R5,Québec,Canada,45.51991,-73.547323,6,BR007,,Brasseur,0,,?,?,?,?,http://www.ratebeer.com/brewers/molson-breweries-molsoncoors/49/,https://untappd.com/MolsonCoors,?,?,?,?,?,?,?,,
UNIBROUE & SLEEMAN ,LES BRASSERIES SLEEMAN INC.,,"80, RUE DES CARRIÈRES ",CHAMBLY ,J3L 2H6 ,Québec,Canada,45.441167,-73.260756,16,BR008 ,,Brasseur ,0,1991,http://www.unibroue.com/,info@unibroue.com,450-658-7658,https://www.facebook.com/unibroue/,http://www.ratebeer.com/brewers/unibroue-sapporo/180/,https://untappd.com/Unibroue,?,?,https://twitter.com/Unibroue,?,?,?,?,,
BRASSERIE LE LION D'OR ,2417-3577 QUÉBEC INC.,,"2896, RUE DU COLLÈGE ",SHERBROOKE ,J1M 1Z6,Québec,Canada,45.402996,-71.887681,5,BR009 ,,Brasseur ,0,1986,http://www.lionlennoxville.com/,info@lionlennoxville.com,819-562-4589,https://www.facebook.com/brasserielion/,http://www.ratebeer.com/brewers/golden-lion--lion-dor/378/,https://untappd.com/w/lion-d-or/21864,X,X,?,?,?,?,?,,
LES BRASSEURS RJ,LES BRASSEURS GMT INC.,,"5585, RUE DE LA ROCHE",MONTRÉAL ,H2J 3K3 ,Québec,Canada,45.533657,-73.591471,6,BR011 ,,Brasseur ,1,1998,http://www.brasseursrj.com/,info@brasseursrj.com,514-274-4941,https://www.facebook.com/Les-Brasseur-RJ-34575394773/,http://www.ratebeer.com/brewers/brasseurs-rj/365/,https://untappd.com/w/les-brasseurs-rj/6611,X,X,?,?,?,?,?,,
LES BRASSEURS DU NORD,LES BRASSEURS DU NORD INC. ,,"875, BOULEVARD MICHÈLE-BOHEC ",BLAINVILLE,J7C 5J6 ,Québec,Canada,45.663306,-73.887209,15,BR012,,Brasseur ,1,1988,http://www.boreale.com/,info@boreale.com,450-979-8400,https://www.facebook.com/pages/Les-Brasseurs-du-Nord/109394965745163,http://www.ratebeer.com/brewers/brasseurs-du-nord/335/,https://untappd.com/LesBrasseursduNord,X,https://twitter.com/BiereBoreale,?,?,https://www.instagram.com/biereboreale/,?,?,,
LA BRASSERIE MCAUSLAN,LA BRASSERIE MCAUSLAN INC. ,,"5080, RUE SAINT-AMBROISE ",MONTRÉAL ,H4C 2G1 ,Québec,Canada,45.46796,-73.590817,6,BR014 ,,Brasseur ,1,2014,http://www.mcauslan.com/,info@mcauslan.com,514-939-3060,https://www.facebook.com/pages/McAuslan-Brewing/109131612440016,http://www.ratebeer.com/brewers/mcauslan-brewing-brasseurs-rj/137/,https://untappd.com/McAuslanBrewing,X,https://twitter.com/bierestambroise,?,?,?,?,?,,
FERME BRASSERIE SCHOUNE,FERME BRASSERIE SCHOUNE INC. ,,"2075, CHEMIN STE-CATHERINE ",SAINT-POLYCARPE ,J0P 1X0 ,Québec,Canada,45.290951,-74.321352,16,BR016 ,,Brasseur ,0,1996,http://www.schoune.com/,info@schoune.com,450-265-3765,https://www.facebook.com/fermebrasserie.schoune,http://www.ratebeer.com/brewers/ferme-brasserie-schoune/902/,https://untappd.com/FermeBrasserieSchoune,X,https://twitter.com/brewerySchoune,?,?,?,?,?,,
LES BRASSERIES BVM DU CANADA,LES BRASSERIES BVM DU CANADA INC.,,"6729, AVENUE DE L'ESPLANADE ",MONTRÉAL ,H2V 4P9 ,Québec,Canada,45.529764,-73.615385,6,BR024 ,,Brasseur ,0,2001,http://bvmbrewery.com/,?,514-908-2337,https://www.facebook.com/pages/Brasserie-BVM-Inc/1557068504592505,http://www.ratebeer.com/brewers/brasserie-vieux-montreal-bvm/6124/,https://untappd.com/w/brasserie-bvm-inc-vieux-montreal/32821,X,X,?,?,?,?,?,,
LA BARBERIE ,COOPÉRATIVE DE BRASSEURS PROFESSIONNELS SAINT-ROCH,,"310, RUE SAINT-ROCH ",QUÉBEC,G1K 6S2 ,Québec,Canada,46.818009,-71.218074,3,BR025 ,,Brasseur ,1,1997,http://www.labarberie.com/,info@labarberie.com,418-522-4373,https://www.facebook.com/labarberie,http://www.ratebeer.com/brewers/la-barberie/906/,https://untappd.com/LaBarberie,https://www.aumenu.info/la-barberie/,https://twitter.com/labarberie,?,https://www.youtube.com/user/LaBarberieQc,https://www.instagram.com/barberie/,?,?,,
LES BRASSEURS DE WEST-SHEFFORD ,9258-0653 QUÉBEC INC.,,"92, BOULEVARD BROMONT, LOCAL 101 ",BROMONT ,J2L 2K6 ,Québec,Canada,45.317971,-72.656949,16,BR027 ,,Brasseur ,0,2009,http://brasseursdewestshefford.com/,info@brasseursdewestshefford.com,?,https://www.facebook.com/LesBrasseursdeWestShefford/,http://www.ratebeer.com/brewers/brasserie-de-west-shefford/907/,https://untappd.com/w/les-brasseurs-de-west-shefford/188869,X,https://twitter.com/WSbrew,?,?,?,?,?,,
LES BIÈRES DE LA NOUVELLE-France,LES BIÈRES DE LA NOUVELLE-FRANCE INC. ,,"90, RANG RIVIÈRES-AUX-ÉCORSES ",SAINT-ALEXIS-DES-MONTS ,J0K 1V0 ,Québec,Canada,46.462516,-73.142861,4,BR028 ,,Brasseur ,1,1998,http://www.lesbieresnouvellefrance.com/,bnf@telmilot.net,819 265-4000,https://www.facebook.com/bieresansgluten/,http://www.ratebeer.com/brewers/les-bieres-de-la-nouvelle-france/905/,https://untappd.com/w/les-bia-res-de-la-nouvelle-france/14220,X,https://twitter.com/BiereSansGluten,?,https://www.youtube.com/channel/UCNL1ZhvkrScGtBo0VKoEVZA,https://www.instagram.com/glutenbergbeer/,?,?,,
LE SAINT PUB,RESTAURANT LE SAINT PUB INC.,,"2, RUE RACINE",BAIE-SAINT-PAUL ,G3M 2P8 ,Québec,Canada,47.442677,-70.50752,3,BR030 ,,Brasseur ,0,1998,http://www.saint-pub.com/,fred@microbrasserie.com,418-240-2332,https://www.facebook.com/saintpub,http://www.ratebeer.com/brewers/microbrasserie-charlevoix--le-saint-pub/349/,https://untappd.com/microbrasserieCharlevoix,X,X,?,https://www.youtube.com/user/microbrasserie,?,?,?,,
BROUE-ALLIANCE,BROUE-ALLIANCE INC.,,"3838, BOULEVARD LEMAN ",LAVAL,H7E 1A1 ,Québec,Canada,45.611316,-73.673798,13,BR031 ,,Brasseur ,1,1996,http://groupegeloso.com/,sac@groupeomni.com,450-661-0281,https://www.facebook.com/pages/Broue-Alliance-Inc/467790440093812,?,https://untappd.com/w/brew-alliance-groupe-geloso/47019,X,X,?,?,?,?,?,,
MICRO-BRASSERIE DU LIÈVRE,MICRO-BRASSERIE DU LIÈVRE INC. ,,"131, BOUL. ALBINY-PAQUETTE ",MONT-LAURIER ,J9L 1J2 ,Québec,Canada,46.552363,-75.497393,15,BR034 ,,Brasseur ,1,1999,http://www.microdulievre.com/,microdulievre@tlb.sympatico.ca,819-440-2440,https://www.facebook.com/Microbrasseriedulievre/,http://www.ratebeer.com/brewers/microbrasserie-du-lievre/908/,https://untappd.com/w/microbrasserie-du-li-vre/10256,X,X,?,?,?,?,?,,
MICRO BRASSERIE SAINT-ARNOULD,MICRO BRASSERIE SAINT-ARNOULD INC. ,,"435, RUE DES PIONNIERS ",MONT-TREMBLANT,J8E 1Y1 ,Québec,Canada,46.209756,-74.585661,15,BR035 ,,Brasseur ,1,1995,http://www.saintarnould.com/,info@saintarnould.com,819-425-1262,https://www.facebook.com/saintarnould/,http://www.ratebeer.com/brewers/saint-arnould/916/,https://untappd.com/w/microbrasserie-saintarnould/3578,X,https://twitter.com/StArnould,?,?,?,?,?,,
BRASSERIE SAINT-ANTOINE-ABBÉ,GERZER INC.,,"3299, ROUTE 209 ",FRANKLIN ,J0S 1E0 ,Québec,Canada,45.029534,-73.922908,16,BR036 ,,Brasseur ,1,2002,http://www.brasserie-saint-antoine-abbe.com/,info@brasserie-saint-antoine-abbe.com,450-826-4609,https://www.facebook.com/pages/Brasserie-Saint-Antoine-Abb%C3%A9/1737275109819197,http://www.ratebeer.com/brewers/brasserie-saint-antoine-abbe/3058/,https://untappd.com/w/brasserie-saintantoineabbe/67857,X,X,?,?,?,?,?,,
L'ALCHIMISTE ,9106-3503 QUÉBEC INC.,,"681, RUE MARION",JOLIETTE ,J6E 8S3 ,Québec,Canada,46.006804,-73.444481,14,BR037 ,,Brasseur ,1,2006,http://www.lalchimiste.ca/,info@lalchimiste.ca,450-760-2945,https://www.facebook.com/MicrobrasserieAlchimiste,http://www.ratebeer.com/brewers/lalchimiste/1414/,https://untappd.com/w/alchimiste-microbrasserie/2168,X,X,?,?,https://www.instagram.com/alchimiste_microbrasserie/,?,?,,
MICROBRASSERIE MULTI-BRASSES,MICROBRASSERIE MULTI-BRASSES INC ,,"1209, RUE SAINT-JOSEPH ",TINGWICK ,J0A 1L0 ,Québec,Canada,45.881113,-71.943507,5,BR038 ,,Brasseur ,0,2001,http://multi-brasses.com/,info@multi-brasses.com,819-359-3887,https://www.facebook.com/pages/Multi-Brasses/424266004287656,http://www.ratebeer.com/brewers/multi-brasses/4861/,https://untappd.com/w/multi-brasses/12843,X,X,?,?,?,?,?,,
MICROBRASSERIE LES TROIS MOUSQUETAIRES,9107-9855 QUÉBEC INC.,,"3755-C, BOULEVARD MATTE ",BROSSARD ,J4Y 2P4 ,Québec,Canada,45.455483,-73.46789,16,BR039 ,,Brasseur ,1,2004,http://www.lestroismousquetaires.ca/,info@lestroismousquetaires.ca,450-619-2372,https://www.facebook.com/les.trois.mousquetaires/,http://www.ratebeer.com/brewers/les-trois-mousquetaires--ltm/5179/,https://untappd.com/lestroismousquetaires,X,https://twitter.com/3_Mousquetaires,?,?,?,?,?,,
LES FRÈRES HOUBLON ,COOPÉRATIVE DE TRAVAIL LES FRÈRES HOUBLON ,,"10180, CHEMIN SAINTE-MARGUERITE ",TROIS-RIVIÈRES ,G9B 6M2 ,Québec,Canada,46.308299,-72.638379,4,BR040 ,,Brasseur ,0,2003,http://www.lesfrereshoublon.com/,lesfrereshoublon@hotmail.com,819-380-8307,X,http://www.ratebeer.com/brewers/les-freres-houblon-microbrasserie/3854/,https://untappd.com/w/les-fr-res-houblon-microbrasserie/5263,X,,?,?,?,?,?,,
À L'ABRI DE LA TEMPÊTE ,9118-5199 QUÉBEC INC.,,"286, CHEMIN COULOMBE ",LES ÎLES-DE-LA-MADELEINE ,G4T 3V5 ,Québec,Canada,47.360122,-61.936274,11,BR041 ,,Brasseur ,1,2004,http://www.alabridelatempete.com/,info@alabridelatempete.com,418-986-5005,https://www.facebook.com/alabridelatempete,http://www.ratebeer.com/brewers/a-labri-de-la-tempete/5842/,https://untappd.com/Tempete,X,X,?,?,?,?,?,,
MICRO-BRASSERIE LE GRIMOIRE,MICRO-BRASSERIE LE GRIMOIRE INC. ,,"223, RUE PRINCIPALE ",GRANBY ,J2G 2V7 ,Québec,Canada,45.400432,-72.727785,16,BR042 ,,Brasseur ,0,2004,http://www.brasseriegrimoire.com/,info@brasseriegrimoire.com,450-372-7079,https://www.facebook.com/brasseriegrimoire/,http://www.ratebeer.com/brewers/le-grimoire-microbrasserie/5450/,https://untappd.com/w/microbrasserie-le-grimoire/14185,X,X,?,?,?,?,?,,
BELGH BRASSE,9188-3843 QUÉBEC INC.,,"8, RUE DE LA BRASSERIE ",AMOS ,J9T 3A2 ,Québec,Canada,48.566847,-78.101778,8,BR043 ,,Brasseur ,1,1999,http://www.belghbrasse.com/,info@belghbrasse.com,819-732-6519,https://www.facebook.com/BiereMons/?fref=ts,http://www.ratebeer.com/brewers/belgh-brasse-groupe-geloso/1389/,https://untappd.com/BelghBrasse,X,https://twitter.com/BelghBrasse,?,?,?,?,?,,
MICRO-BRASSERIE DU SAGUENAY,9216-3146 QUÉBEC INC.,,"224, RUE DES LAURENTIDES ",SAGUENAY ,G7H 7X8 ,Québec,Canada,48.399191,-71.064318,2,BR044 ,,Brasseur ,0,2014,http://www.lavoiemaltee.com/,publavoiemaltee@hotmail.com,418-542-4373,https://www.facebook.com/voiemaltee,http://www.ratebeer.com/brewers/la-voie-maltee/3253/,https://untappd.com/w/la-voie-malt-e/10366,X,https://twitter.com/VoieMaltee,?,?,https://www.instagram.com/lavoiemaltee/,?,?,,
PUB LA TOUR À BIÈRES,LES BRASSEURS DU SAGUENAY INC.,,"517, RUE RACINE EST ",SAGUENAY ,G7H 1T8 ,Québec,Canada,48.42902,-71.052294,2,BR045 ,,Brasseur ,0,2004,http://www.latourabieres.com/,bieresaguenay@yahoo.ca,418 545-7272,https://www.facebook.com/pages/La-Tour-a-Bi%C3%A8re/175766962464987?fref=ts,http://www.ratebeer.com/brewers/brasseurs-du-saguenay--la-tour-a-bieres/5128/,https://untappd.com/w/la-tour-a-bieres/14108,X,X,?,?,?,?,?,,
ARCHIBALD MICROBRASSERIE,ARCHIBALD INC.,,"1021, BOULEVARD DU LAC, LOCAL 200 ",LAC-BEAUPORT ,G0A 2C0 ,Québec,Canada,46.944234,-71.296792,3,BR046 ,,Brasseur ,1,2005,http://www.archibaldmicrobrasserie.ca/,info@archibaldmicrobrasserie.ca,418-841-2224,https://www.facebook.com/ArchibaldMicrobrasserieQC,http://www.ratebeer.com/brewers/microbrasserie-archibald-ab-inbev/5994/,https://untappd.com/Archibaldmicrobrasserie,X,X,?,https://www.youtube.com/channel/UCEPY9swVSQfYFAPEj60o6Ng,https://www.instagram.com/archibaldmicrobrasserie/,?,?,,
LA COMPAGNIE DE BIÈRE BRISSET INC. ,LA COMPAGNIE DE BIÈRE BRISSET INC. ,,"370, RUE GUY, LOCAL G9 ",MONTRÉAL ,H3J 1S6 ,Québec,Canada,45.522451,-73.591283,6,BR047 ,,Brasseur ,0,2011,http://www.bierebrisset.com/,info@bierebrisset.com,514-906-6851,https://www.facebook.com/BiereBrisset,http://www.ratebeer.com/brewers/la-compagnie-de-biere-brisset/15336/,https://untappd.com/w/la-compagnie-de-biere-brisset-broken7/36345,X,https://twitter.com/Biere_Brisset,?,?,?,?,?,,
BRASSERIE DUNHAM,BRASSEURS ET FRÈRES INC.,,"3809, RUE PRINCIPALE, LOCAL 104",DUNHAM ,J0E 1M0 ,Québec,Canada,45.130259,-72.800714,16,BR050 ,,Brasseur ,1,2006,http://www.brasseriedunham.com/,info@brasseriedunham.com,450-295-1500,https://www.facebook.com/brasseriedunham1,http://www.ratebeer.com/brewers/brasserie-dunham/12142/,https://untappd.com/BrasserieDunham,https://www.aumenu.info/pub-de-la-brasserie-dunham/,https://twitter.com/BrasserieDunham,?,?,https://www.instagram.com/dunhambrasserie/,?,?,,
LE MITAN,MICROBRASSERIE D'ORLÉANS INC.,,"3885, CHEMIN ROYAL ",SAINTE-FAMILLE ,G0A 3P0 ,Québec,Canada,46.971877,-70.964222,3,BR051 ,,Brasseur ,1,2006,http://www.microorleans.com/,info@microbrasserieiledorleans.com,418-829-0408,https://www.facebook.com/microorleans,http://www.ratebeer.com/brewers/microbrasserie-de-lile-dorleans/7340/,https://untappd.com/MicroOrleans,X,X,?,?,?,?,?,,
HOPFENSTARK,ENTREPRISE HOPFENSTARK INC.,Station Ho.St,"643, BOULEVARD DE L'ANGE-GARDIEN ",L'ASSOMPTION ,J5W 1T1 ,Québec,Canada,45.831472,-73.423308,14,BR053 ,,Brasseur ,0,2006,http://www.hopfenstark.com/,info@hopfenstark.com,450-713-1060,https://www.facebook.com/Hopfenstark-Brewery-10141119337,http://www.ratebeer.com/brewers/hopfenstark/8201/,https://untappd.com/Hopfenstark,X,https://twitter.com/Hopfenstark,?,?,?,?,?,,
MICRO BRASSERIE PIT CARIBOU ,9193-6575 QUÉBEC INC.,,"27, RUE DE L'ANSE, LOCAL B ",PERCÉ ,G0C 1G0 ,Québec,Canada,48.524728,-64.212237,11,BR054 ,,Brasseur ,1,2007,http://www.pitcaribou.com/,brasserie-pitcaribou@hotmail.com,418-782-1444,https://www.facebook.com/Microbrasserie-Pit-Caribou-525384144158039,http://www.ratebeer.com/brewers/microbrasserie-pit-caribou/9010/,https://untappd.com/w/microbrasserie-pit-caribou/9277,X,https://twitter.com/PitCaribou,?,?,?,?,?,,
LE TROU DU DIABLE,COOP DE TRAVAIL BRASSERIE ARTISANALE LE TROU DU DIABLE,,"412, AVENUE WILLOW ",SHAWINIGAN ,G9N 1X2 ,Québec,Canada,46.540362,-72.753359,4,BR055 ,,Brasseur ,1,2005,http://www.troududiable.com/,info@troududiable.com,819-537-9151,https://www.facebook.com/troududiable,http://www.ratebeer.com/brewers/le-trou-du-diable/6444/,https://untappd.com/troududiable,https://www.aumenu.info/le-trou-du-diable-broue-pub-et-restaurant/,https://twitter.com/troududiable,?,https://www.youtube.com/channel/UCOdWgphGj2G1mH8tkutPYrg,https://www.instagram.com/tddbrouepub/,?,?,,https://www.instagram.com/tddsurlaroute/
MICROBRASSERIE DU LAC-SAINT-JEAN,9179-0337 QUÉBEC INC.,,"120, RUE DE LA PLAGE ",SAINT-GÉDÉON ,G0W 2P0 ,Québec,Canada,48.490495,-71.780312,2,BR056 ,,Brasseur ,1,2007,http://www.microdulac.com/,info@microdulac.com,418-345-8758,https://www.facebook.com/Microdulac,http://www.ratebeer.com/brewers/microbrasserie-du-lac-saint-jean/9220/,https://untappd.com/w/microbrasserie-du-lac-saintjean/9799,https://www.aumenu.info/microbrasserie-du-lac-st-jean/,https://twitter.com/Microdulac,?,?,?,?,?,,
À LA FÛT,À LA FÛT COOP DE TRAVAIL BRASSICOLE ,,"670, RUE NOTRE-DAME",SAINT-TITE ,G0X 3H0 ,Québec,Canada,46.725368,-72.563514,4,BR058 ,,Brasseur ,1,2007,http://www.alafut.com/,info@alafut.qc.ca,418-365-4370,https://www.facebook.com/microbrasserie.a.la.fut/,http://www.ratebeer.com/brewers/a-la-fut/8915/,https://untappd.com/w/la-f-t/11977,https://www.aumenu.info/microbrasserie-a-la-fut/,https://twitter.com/alafut,?,?,https://www.instagram.com/a_la_fut/,?,?,,
DIEU DU CIEL,MICROBRASSERIE DIEU DU CIEL INC. ,,"259, RUE DE VILLEMURE, LOCAL 101 ",SAINT-JÉRÔME ,J7Z 5J4 ,Québec,Canada,45.775209,-74.012884,15,BR059 ,,Brasseur ,1,2007,http://www.dieuduciel.com/,info@dieuduciel.com,450-436-3438,https://www.facebook.com/BrasserieDieuduCiel,http://www.ratebeer.com/brewers/dieu-du-ciel/364/,https://untappd.com/w/brasserie-dieu-du-ciel/1674,X,https://twitter.com/Brasseries_DDC,?,?,https://www.instagram.com/brasseriedieuduciel/,?,?,,
BRASSEURS DE MONTRÉAL (PLATEAU MONT-ROYAL),BRASSEURS DE MONTRÉAL INC.,,"4007, RUE SAINT-DENIS",MONTRÉAL ,H2W 2M4,Québec,Canada,45.520679,-73.575504,6,BR060 ,,Brasseur ,0,2008,http://www.brasseurdemontreal.ca/,info@bdmtl.ca,514-903-4500,https://www.facebook.com/BrasseurdeMontreal,http://www.ratebeer.com/brewers/brasseurs-de-montreal/9464/,https://untappd.com/dmerineau,X,https://twitter.com/BrasseurMtl,?,?,?,?,?,,
MICROBRASSERIE LA CHOUAPE,LA CHOUAPE INC.,,"1070, RANG DOUBLE ",SAINT-FÉLICIEN ,G8K 2N8 ,Québec,Canada,48.640911,-72.473671,2,BR061 ,,Brasseur ,1,2008,http://www.lachouape.com/,info@lachouape.com,418-613-0622,https://www.facebook.com/lachouape,http://www.ratebeer.com/brewers/la-chouape/9609/,https://untappd.com/MicrobrasserieLaChouape,X,X,?,?,?,?,?,,
CORSAIRE MICROBRASSERIE,CORSAIRE MICROBRASSERIE INC. ,,"8780, BOULEVARD DE LA RIVE-SUD ",LÉVIS ,G6V 9G9 ,Québec,Canada,46.822118,-71.126293,12,BR062 ,,Brasseur ,1,2008,http://www.corsairemicro.com/,info@corsairemicro.com,418-903-9105,https://www.facebook.com/corsairemicro,http://www.ratebeer.com/brewers/microbrasserie-le-corsaire/9465/,https://untappd.com/w/le-corsaire-microbrasserie/13340,X,https://twitter.com/CorsaireMicro,Q26205066,?,?,?,?,,
MICROBRASSERIE LE NAUFRAGEUR,MICRO-BRASSERIE LE NAUFRAGEUR INC. ,,"586, BOULEVARD PERRON ",CARLETON-SUR-MER ,G0C 1J0 ,Québec,Canada,48.103577,-66.125414,11,BR063 ,,Brasseur ,1,2008,http://www.lenaufrageur.com/,info@lenaufrageur.com,418-364-5440,https://www.facebook.com/Microbrasserie-le-Naufrageur-bar-spectacles-142332679113613/?fref=ts,http://www.ratebeer.com/brewers/microbrasserie-le-naufrageur/9908/,https://untappd.com/w/microbrasserie-le-naufrageur/7174,X,X,?,?,?,?,?,,
LE BROADWAY,CABARET SOCIAL SHAWINIGAN INC.,,"540, AVENUE BROADWAY ",SHAWINIGAN ,G9N 1M3 ,Québec,Canada,46.541192,-72.743916,4,BR064 ,,Brasseur ,1,2006,http://www.broadwaypub.net/,pub.broadway@cgocable.ca,819-537-0044,https://www.facebook.com/BW-Microbrasserie-159419714085720/,http://www.ratebeer.com/brewers/broadway-pub/8180/,https://untappd.com/w/broadway-pub/2007,X,X,?,?,?,?,?,,
BILBOQUET MICROBRASSERIE,BILBOQUET MICROBRASSERIE INC.,,"560, AVENUE SAINT-JOSEPH ",SAINT-HYACINTHE ,J2S 5K2 ,Québec,Canada,45.623494,-72.947939,16,BR065 ,,Brasseur ,1,1992,http://www.lebilboquet.qc.ca/,info@lebilboquet.qc.ca,450-771-6900,https://www.facebook.com/pages/Bar-Le-Bilboquet/116618881737818?fref=ts,http://www.ratebeer.com/brewers/le-bilboquet/3057/,https://untappd.com/LeBilboquetMicrobrasserie,https://www.aumenu.info/le-bil-pub/,X,Q3220444,https://www.youtube.com/user/microbilboquet,?,?,?,,
MICROBRASSERIE CHARLEVOIX ,MICROBRASSERIE CHARLEVOIX  (2007) INC.,,"6, RUE PAUL-RENÉ-TREMBLAY ",BAIE-SAINT-PAUL ,G3Z 3E4 ,Québec,Canada,47.446372,-70.521647,3,BR067 ,,Brasseur ,1,1998,http://www.microbrasserie.com/,fred@microbrasserie.com,418-435-3877,https://www.facebook.com/microbrasseriecharlevoix,http://www.ratebeer.com/brewers/microbrasserie-charlevoix--le-saint-pub/349/,https://untappd.com/microbrasserieCharlevoix,X,https://twitter.com/microbrasserie,?,https://www.youtube.com/user/microbrasserie,?,?,?,,
CIDRERIE SOLAR,CIDRERIE SOLAR INC.,LES 2 FRÈRES,"3082, RUE JOSEPH MONIER",TERREBONNE,J6X 4R1 ,Québec,Canada,45.726089,-73.696469,14,BR068 ,,Brasseur ,0,2006,http://brasserieles2freres.com/,info@brasserieles2freres.com,450-477-1677,https://www.facebook.com/brasserieles2freres,http://www.ratebeer.com/brewers/brasserie-les-2-freres/20728/,https://untappd.com/BrasserieLes2Freres,X,https://twitter.com/brassles2freres,?,?,https://www.instagram.com/brasserieles2freres/,?,?,,
BRASSEURS ILLIMITÉS ,9184-5818 QUÉBEC INC.,,"385, RUE DU PARC, LOCAUX 102 ET 103 ",SAINT-EUSTACHE ,J7R 0A3 ,Québec,Canada,45.575514,-73.882095,15,BR069 ,,Brasseur ,0,2009,http://www.brasseursillimites.com/,rh@brasseursillimites.com,450-598-1363,https://www.facebook.com/brasseursillimites,http://www.ratebeer.com/brewers/brasseurs-illimites/10829/,https://untappd.com/w/brasseurs-illimites/3819,X,X,?,?,?,?,?,,
LES BRASSEURS DU TEMPS,LES BRASSEURS DU TEMPS INC. ,,"170, RUE MONTCALM  ",GATINEAU,J8X 2M2 ,Québec,Canada,45.429615,-75.726764,7,BR070 ,,Brasseur ,1,2009,http://www.brasseursdutemps.com/,info@brasseursdutemps.com,819-205-4999,https://www.facebook.com/LesBrasseursDuTemps,http://www.ratebeer.com/brewers/les-brasseurs-du-temps/10456/,https://untappd.com/w/les-brasseurs-du-temps/4293,X,https://twitter.com/BrasseursDT,?,?,https://www.instagram.com/brasseursdt/,?,?,,
SIBOIRE ,9176-8721 QUÉBEC INC.,,"80, RUE DU DÉPÔT, LOCAL 102 ",SHERBROOKE ,J1H 5G1 ,Québec,Canada,45.402996,-71.887681,5,BR071 ,,Brasseur ,1,2007,http://www.siboire.ca/,info@siboire.ca,819-565-3636,https://www.facebook.com/Siboire,http://www.ratebeer.com/brewers/microbrasserie-siboire/9253/,https://untappd.com/w/siboire/36800,X,https://twitter.com/LeSiboire,?,?,https://www.instagram.com/siboire_microbrasserie/,?,?,,
BRASSEURS DU MONDE,BRASSEURS DU MONDE INC. ,,"6600, BOULEVARD CHOQUETTE ",SAINT-HYACINTHE ,J2S 8L1 ,Québec,Canada,45.627321,-72.940305,16,BR073 ,,Brasseur ,1,2011,http://www.brasseursdumonde.com/,info@brasseursdumonde.ca,450-250-2611,https://www.facebook.com/BrasseurDuMonde,http://www.ratebeer.com/brewers/brasseurs-du-monde--le-picoleur/12944/,https://untappd.com/w/brasseurs-du-monde/17022,X,https://twitter.com/BrasseurDuMonde,?,?,?,?,?,,
FRAMPTON BRASSE ,9174-0225 QUÉBEC INC.,,"430, RANG 5 ",FRAMPTON ,G0R 1M0 ,Québec,Canada,46.463395,-70.80735,12,BR074 ,,Brasseur ,1,2011,http://www.framptonbrasse.com/,info.framptonbrasse@gmail.com,418-479-5683,https://www.facebook.com/Frampton-Brasse-141393719246944,http://www.ratebeer.com/brewers/frampton-brasse/13239/,https://untappd.com/FramptonBrasse,https://www.aumenu.info/frampton-brasse/,X,Q26205064,?,?,?,?,,
LES BRASSEURS SANS GLUTEN,LES BRASSEURS SANS GLUTEN INC. ,GLUTENBERG,"2350, RUE DICKSON, LOCAL 950 ",MONTRÉAL ,H1N 3T1 ,Québec,Canada,45.522451,-73.591283,6,BR075 ,,Brasseur ,1,2011,https://glutenberg.ca/,info@glutenberg.ca,514-933-2333,https://www.facebook.com/GlutenbergCAN,http://www.ratebeer.com/brewers/glutenberg-brewing-company/13241/,https://untappd.com/BrasseursSansGlutenBSG,X,https://twitter.com/glutenberg,?,?,?,?,?,,
MICROBRASSERIE DES BEAUX PRÉS ,MICROBRASSERIE DES BEAUX PRÉS INC.,,"9430, BOULEVARD SAINT-ANNE ",SAINTE-ANNE-DE-BEAUPRÉ ,G0A 3C0,Québec,Canada,47.02609,-70.925026,3,BR076 ,,Brasseur ,1,2011,http://www.mdbp.ca/,info@mdbp.ca,418-702-1128,https://www.facebook.com/Microbrasserie-Des-Beaux-Pr%C3%A9s-Page-officielle-253036521387756/,http://www.ratebeer.com/brewers/microbrasserie-des-beaux-pres/13488/,https://untappd.com/MicrobrasseriedesBeauxPres,https://www.aumenu.info/microbrasserie-des-beaux-pres/,https://twitter.com/MBeaux,?,?,?,?,?,,
BRASSERIE LA GUEULE DE BOIS,9215-7734 QUÉBEC INC.,,"2728, BOULEVARD SAGUENAY OUEST ",SAGUENAY ,G7S 5C3 ,Québec,Canada,48.40549,-71.067842,2,BR077 ,,Brasseur ,0,2009,http://www.lagueuledebois.net/,info@lagueuledebois.net,418-412-4128,https://www.facebook.com/lagueuledebois2,http://www.ratebeer.com/brewers/la-gueule-de-bois/10830/,https://untappd.com/LaGueuledeBois,X,X,?,?,?,?,?,,
KRUHNEN,KRUHNEN INC.,,"115, RUE GASTON-DUMOULIN, LOCAL 105 ",BLAINVILLE ,J7C 6B4 ,Québec,Canada,45.679623,-73.874245,15,BR078 ,,Brasseur ,0,2012,http://kruhnen.wordpress.com/,beers.can@gmx.com,450-419-3535,https://www.facebook.com/kruhnen,http://www.ratebeer.com/brewers/brasserie-kruhnen/15139/,https://untappd.com/w/brasserie-kruhnen/38870,X,https://twitter.com/kruhnen,?,?,?,?,?,,
MICROBRASSERIE LE CASTOR,MICROBRASSERIE LE CASTOR LTÉE ,,"67, CHEMIN DES VINAIGRIERS ",RIGAUD ,J0P 1P0 ,Québec,Canada,45.479515,-74.298335,16,BR079 ,,Brasseur ,1,2012,http://www.microlecastor.ca/,daniel@microlecastor.ca,450-451-2337,https://www.facebook.com/micro.lecastor,http://www.ratebeer.com/brewers/microbrasserie-le-castor--le-castor-brewing-co/14735/,https://untappd.com/LeCastor,X,X,?,https://www.youtube.com/channel/UCxrfGYolvOPzZzJaAFW6iWg,https://www.instagram.com/microlecastor/,?,?,,
MICROBRASSERIE ARCHIBALD,ARCHIBALD INC.,DISTRIBUTION,"1530, AVENUE DES AFFAIRES ",QUÉBEC ,G3J 1Y8 ,Québec,Canada,46.866632,-71.425479,3,BR080 ,,Brasseur ,1,2009,http://www.archibaldmicrobrasserie.ca/,info@archibaldmicrobrasserie.ca,418-407-6033,https://www.facebook.com/ArchibaldMicrobrasserieQC,http://www.ratebeer.com/brewers/microbrasserie-archibald-ab-inbev/5994/,https://untappd.com/Archibaldmicrobrasserie,X,X,?,https://www.youtube.com/channel/UCEPY9swVSQfYFAPEj60o6Ng,https://www.instagram.com/archibaldmicrobrasserie/,?,?,,
MICROBRASSERIE LE TRÈFLE NOIR ,9240-6032 QUÉBEC INC.,,"125A, RUE JACQUES-BIBEAU ",ROUYN-NORANDA ,J9Y 0A3 ,Québec,Canada,48.24174,-79.02006,8,BR081 ,,Brasseur ,0,2009,http://www.letreflenoir.com/,letreflenoir@gmail.com,819-762-6611,https://www.facebook.com/letreflenoir/,http://www.ratebeer.com/brewers/le-trefle-noir/10587/,https://untappd.com/w/microbrasserie-le-trefle-noir/36036,https://www.aumenu.info/le-trefle-noir-brasserie-artisanale-inc/,https://twitter.com/TrefleNoirMicro,?,?,?,?,?,,
MICROBRASSERIE AUX FOUS BRASSANT,7623232 CANADA INC.,,"262, RUE LAFONTAINE ",RIVIÈRE-DU-LOUP ,G5R 3A8 ,Québec,Canada,47.833864,-69.537197,1,BR082 ,,Brasseur ,1,2010,http://www.auxfousbrassant.com/,info@auxfousbrassant.com,418-605-1644,https://www.facebook.com/Microbrasserie-Aux-Fous-Brassant-332016783504124,http://www.ratebeer.com/brewers/aux-fous-brassant/14733/,https://untappd.com/w/microbrasserie-aux-fous-brassant/40685,X,X,Q26254120,?,?,X,?,,
LES TROIS BRASSEURS (BRASSERIE SUPPORT),BOFIQ INC.,,"1405, RUE LOUVAIN OUEST ",MONTRÉAL ,H4N 1G6,Québec,Canada,45.522451,-73.591283,6,BR083 ,,Brasseur ,0,2002,http://www.les3brasseurs.ca/,info@les3brasseurs.ca,?,https://www.facebook.com/Les3Brasseurs,http://www.ratebeer.com/brewers/les-3-brasseurs--the-3-brewers-canada/5673/,https://untappd.com/Les3BrasseursThe3Brewers,X,https://twitter.com/3BrasseursCA,?,?,?,?,?,,
LE TROU DU DIABLE,9257-9119 QUÉBEC INC.,,"1250, AVENUE DE LA STATION ",SHAWINIGAN ,G9N 8K9 ,Québec,Canada,46.550127,-72.745244,4,BR084 ,,Brasseur ,1,2005,http://www.troududiable.com/,info@troududiable.com,819-537-9151,https://www.facebook.com/troududiable,http://www.ratebeer.com/brewers/le-trou-du-diable/6444/,https://untappd.com/troududiable,X,https://twitter.com/troududiable,?,https://www.youtube.com/channel/UCOdWgphGj2G1mH8tkutPYrg,https://www.instagram.com/troududiable/,?,?,,https://www.instagram.com/shoptdd/
MICROBRASSERIE MALTÉUS ,9231-4871 QUÉBEC INC.,,"5, RUE VICTORIA EST ",SALABERRY-DE-VALLEYFIELD ,J6T 2L1 ,Québec,Canada,45.257843,-74.116748,16,BR085 ,,Brasseur ,1,2011,http://www.mbmalteus.com/,info@mbmalteus.com,450-747-0315,https://www.facebook.com/Malteus,http://www.ratebeer.com/brewers/microbrasserie-malteus/17050/,https://untappd.com/Mbmalteus,X,X,?,?,?,?,?,,
MICROBRASSERIE COATICOOK,9266-4523 QUÉBEC INC.,,"1007, RUE CHILD ",COATICOOK ,J1A 2S5 ,Québec,Canada,45.153601,-71.802717,5,BR086 ,,Brasseur ,0,2013,https://www.facebook.com/MicrobrasserieCoaticook,info@microbrasseriecoaticook.ca,819-804-1234,https://www.facebook.com/MicrobrasserieCoaticook,http://www.ratebeer.com/brewers/microbrasserie-coaticook/18786/,https://untappd.com/MicrobrasserieCoaticook,https://www.aumenu.info/microbrasserie-coaticook/,X,?,?,?,?,?,,
MICRO-BRASERIE L'HERMITE,MICRO-BRASERIE L'HERMITE INC. ,,"15, RUE LAJEUNESSE, LOCAL 200 ",KINGSEY FALLS ,J0A 1B0 ,Québec,Canada,45.857834,-72.069071,17,BR088 ,,Brasseur ,0,2012,http://microhermite.com/,info@microhermite.com,819-604-3875,https://www.facebook.com/MicrobrasserieLHermite,http://www.ratebeer.com/brewers/microbrasserie-lhermite/16129/,https://untappd.com/w/l-hermite-microbrasserie/101414,X,X,?,?,?,?,?,,
FARNHAM ALE & LAGER,FARNHAM ALE & LAGER INC. ,,"401, BOULEVARD DE NORMANDIE NORD",FARNHAM,J2N 1W5 ,Québec,Canada,45.283091,-72.974744,16,BR089 ,,Brasseur ,0,2013,http://www.farnham-alelager.com/,info@farnham-alelager.com,450-293-1116,https://www.facebook.com/farnhamalelager,http://www.ratebeer.com/brewers/farnham-ale-lager/17425/,https://untappd.com/Farnham-AleLager,X,https://twitter.com/FarnhamAleLager,?,?,https://www.instagram.com/farnham_ale_lager/,?,?,,
BRASSERIE DE LA CONTRÉE DE BELLECHASSE,"BRASSERIE DE LA CONTRÉE DE BELLECHASSE, COOP DE SOLIDARITÉ",,"2020, RUE DE L'ÉGLISE ",NOTRE-DAME-AUXILIATRICE-DE-BUCKLAND ,G0R 1G0 ,Québec,Canada,46.619096,-70.545584,12,BR090 ,,Brasseur ,1,2013,http://microbrasseriedebellechasse.ca/,info@microbrasseriedebellechasse.ca,418-789-4444,https://www.facebook.com/Pub-de-la-Contr%C3%A9e-et-Microbrasserie-de-Bellechasse-285989228202177/?fref=ts,http://www.ratebeer.com/brewers/microbrasserie-de-bellechasse/17946/,https://untappd.com/w/microbrasserie-de-bellechasse/97295,https://www.aumenu.info/pub-de-la-contree-microbrasserie-de-bellechasse/,X,Q16664423,?,?,?,?,,
GAINSBOURG ,8286019 CANADA INC.,,"9, RUE AUBRY ",GATINEAU, J8X 2H1 ,Québec,Canada,45.426855,-75.71566,7,BR091 ,,Brasseur ,1,2013,http://www.gainsbourg.ca/,info@gainsbourg.ca,819-777-3700,https://www.facebook.com/legainsbourg/,http://www.ratebeer.com/brewers/gainsbourg/15991/,https://untappd.com/gainsbourg,X,X,?,?,https://www.instagram.com/microgainsbourg/,?,?,,
BRASSERIE GÉNÉRALE,BRASSERIE GÉNÉRALE INC.,,"400, RUE DU PLATINE ",QUÉBEC ,G2N 2G6 ,Québec,Canada,46.890007,-71.318715,3,BR092 ,,Brasseur ,1,2013,http://www.brasseriegenerale.com/,brasseriegeneraleinc@gmail.com,418-841-4555,https://www.facebook.com/brasseriegenerale,http://www.ratebeer.com/brewers/brasserie-generale/18455/,https://untappd.com/BGenerale,X,X,?,?,?,?,?,,
BRASSERIE DU CANAL ,8580740 CANADA INC.,BÉNÉLUX,"3810-1A, RUE SAINT-PATRICK",MONTRÉAL,H4E 1A4 ,Québec,Canada,45.522451,-73.591283,6,BR093 ,,Brasseur ,0,2013,http://www.brasseriebenelux.com/,info@brasseriebenelux.com,514-543-9750,https://www.facebook.com/BENELUXruesherbrooke,http://www.ratebeer.com/brewers/brasserie-du-canal/27234/,https://untappd.com/w/benelux-brasserie-artisanale/4092,X,https://twitter.com/ruesherbrooke,?,?,?,?,?,,
LE VIGNOBLE LES VENTS D'ANGES,LES GESTIONS CHOU-BEC INC.,,"839, CHEMIN PRINCIPAL ",SAINT-JOSEPH-DU-LAC ,J0N 1M0 ,Québec,Canada,45.520551,-73.987993,15,BR094 ,,Brasseur ,0,1996,http://www.vignobleventsdange.com/,info@microbrasserieventsdange.com,450-623-4894,https://www.facebook.com/vignoblelesventsdange/?fref=ts&ref=br_tf&qsefr=1,?,https://untappd.com/w/les-vents-dange/188705,X,X,?,?,?,?,?,,
MICROBRASSERIE GOUDALE ,GESTION STURGIS INC.,,"4535, BOULEVARD DE LA GRANDE-ALLÉE ",BOISBRIAND ,J7H 1M8 ,Québec,Canada,45.612679,-73.838287,15,BR095 ,,Brasseur ,0,2005,?,?,450-419-3004,https://www.facebook.com/MicrobrasserieGoudale,http://www.ratebeer.com/brewers/microbrasserie-goudale/15692/,https://untappd.com/w/microbrasserie-goudale/47035,X,X,?,?,?,?,?,,
LOUP ROUGE MICRO BRASSEUR,9295-0807 QUÉBEC INC.,,"44, RUE DU PRINCE ",SOREL-TRACY ,J3P 4J6 ,Québec,Canada,46.045244,-73.114912,16,BR096 ,,Brasseur ,1,2007,http://microlouprouge.com/,info@microlouprouge.com,450-551-0660,https://www.facebook.com/louprougemicro,http://www.ratebeer.com/brewers/loup-rouge-micro-brasseur/9114/,https://untappd.com/louprouge,X,https://twitter.com/microlouprouge,?,?,?,?,?,,
TÊTE D'ALLUMETTE MICROBRASSERIE,8141568 CANADA INC.,,"265, ROUTE 132 OUEST ",SAINT-ANDRÉ,G0L 2H0 ,Québec,Canada,47.644675,-69.756595,1,BR097 ,,Brasseur ,1,2013,http://www.tetedallumette.com/,info@tetedallumette.com,418-493-2222,https://www.facebook.com/TetedAllumette,http://www.ratebeer.com/brewers/tete-dallumette-microbrasserie/17594/,https://untappd.com/TetedAllumette,X,X,?,?,X,X,?,,
MICROBRASSERIE SAINT-PANCRACE,MICROBRASSERIE SAINT-PANCRACE INC.,,"55, PLACE LASALLE",BAIE-COMEAU ,G4Z 1J8 ,Québec,Canada,49.216667,-68.150008,9,BR098 ,,Brasseur ,1,2013,http://www.stpancrace.com/,info@stpancrace.com,418-296-0099,https://www.facebook.com/Microbrasserie-St-Pancrace-129953120534339/,http://www.ratebeer.com/brewers/microbrasserie-st-pancrace/17608/,https://untappd.com/MicrobrasserieStPancrace,X,X,?,https://www.youtube.com/channel/UC50OtyxysEZqK5ZXJ5Y63YQ,?,?,?,,
MICROBRASSERIE LE PROSPECTEUR ,MICROBRASSERIE LE PROSPECTEUR INC.,,"585, 3E AVENUE ",VAL-D'OR ,J9P 1S6 ,Québec,Canada,48.100803,-77.782645,8,BR099 ,,Brasseur ,1,2014,www.microleprospecteur.ca,info@microleprospecteur.ca,819-874-3377,https://www.facebook.com/Microleprospecteur,http://www.ratebeer.com/brewers/microbrasserie-le-prospecteur/19742/,https://untappd.com/LeProspecteur,https://www.aumenu.info/microbrasserie-le-prospecteur/,https://twitter.com/ProspecteurVD,?,?,https://www.instagram.com/micro_le_prospecteur/,?,?,,
MICROBRASSERIE HOPERA ,9290-4895 QUÉBEC INC.,,"2377, RUE SAINT-DOMINIQUE ",JONQUIÈRE,G7X 6L4 ,Québec,Canada,48.364064,-71.284807,2,BR100 ,,Brasseur ,1,2014,http://hopera.ca/,info@hopera.ca,418-412-9900,https://www.facebook.com/hopera.ca,http://www.ratebeer.com/brewers/hopera-microbrasserie-pizzeria/19716/,https://untappd.com/w/hopera/136868,https://www.aumenu.info/hopera-microbrasserie-pizzeria/,https://twitter.com/hop_era,?,?,https://www.instagram.com/hopera_microbrasserie/,?,?,,
SIBOIRE JACQUES-CARTIER,9289-0011 QUÉBEC INC.,,"40, BOULEVARD JACQUES-CARTIER SUD ",SHERBROOKE ,J1J 2Z2 ,Québec,Canada,45.397687,-71.91881,5,BR101 ,,Brasseur ,1,2014,http://www.siboire.ca/,info@siboire.ca,819 791-8440,https://www.facebook.com/Siboire,http://www.ratebeer.com/brewers/microbrasserie-siboire/9253/,https://untappd.com/w/siboire/36800,X,https://twitter.com/LeSiboire,?,?,?,?,?,,
"LE BIEN, LE MALT ",9185-6567 QUÉBEC INC.,,"141, AVENUE BELZILE ",RIMOUSKI ,G5L 3E5 ,Québec,Canada,48.452587,-68.520244,1,BR102 ,,Brasseur ,0,2008,http://www.lebienlemalt.com/,info@lebienlemalt.com,418-723-1339,https://www.facebook.com/leBienleMalt,http://www.ratebeer.com/brewers/le-bien-le-malt/9466/,https://untappd.com/leBienleMalt,https://www.aumenu.info/brasserie-le-bien-le-malt/,https://twitter.com/leBienleMalt,?,?,?,https://www.pinterest.com/lebienlemalt/,?,,
MICROBRASSERIE LA MEMPHRÉ FABRIQUE À BIÈRE,9278-0469 QUÉBEC INC.,,"2125, RUE TANGUAY ",MAGOG ,J1X 5Y5 ,Québec,Canada,45.279899,-72.120906,5,BR103 ,,Brasseur ,0,1999,http://www.lamic.ca/,info@lamic.ca,819-843-3405,https://www.facebook.com/micromemphre/,http://www.ratebeer.com/brewers/microbrasserie-la-memphre/3872/,https://untappd.com/MicrobrasserieMemphre,https://www.aumenu.info/microbrasserie-la-memphre/,X,?,?,https://www.instagram.com/microbrasserie_memphre/,?,?,,
BRASSERIE SAINT-LUKE ,8857920 CANADA INC.,,"5420, RUE MARTINEAU ",SAINT-HYACINTHE ,J2R 1T8 ,Québec,Canada,45.627321,-72.940305,16,BR104 ,,Brasseur ,0,2000,?,?,450-253-2000,https://www.facebook.com/brasseriestluke/,http://www.ratebeer.com/brewers/brasserie-saint-luke/27852/,https://untappd.com/w/la-brasserie-saint-luke/222518,X,,?,?,?,?,?,,
MICROBRASSERIE MOULIN 7,MICROBRASSERIE MOULIN 7 INC.,,"294, BOULEVARD SAINT-LUC ",ASBESTOS ,J1T 2W1 ,Québec,Canada,45.775337,-71.937985,5,BR105 ,,Brasseur ,1,2014,http://moulin7.com/,info@moulin7.com,819-716-0686,https://www.facebook.com/microbrasseriemoulin7inc/,http://www.ratebeer.com/brewers/moulin-7-microbrasserie/20549/,https://untappd.com/w/microbrasserie-moulin-7/152734,X,https://twitter.com/micromoulin,?,https://www.youtube.com/channel/UCYoXJdUIlpLZxPC9Ocz1zKg,https://www.instagram.com/moulin7microbrasserie/,?,?,,
L'ESPRIT DE CLOCHER ,L'ESPRIT DE CLOCHER INC.,,"287, RUE DES ÉRABLES ",NEUVILLE ,G0A 2R0 ,Québec,Canada,46.713146,-71.557084,3,BR106 ,,Brasseur ,0,2015,http://www.espritdeclochers.ca/,info@espritdeclocher.ca,418-909-0675,https://www.facebook.com/espritdeclochers,http://www.ratebeer.com/brewers/microbrasserie-lesprit-de-clocher/23494/,https://untappd.com/w/l-esprit-de-clocher/206809,X,X,?,?,?,?,?,,
MICROBRASSERIE LE BARIL ROULANT,9293-0775 QUÉBEC INC.,,"1652, ROUTE 117 ",VAL-DAVID ,J0T 2N0 ,Québec,Canada,46.032581,-74.20392,15,BR107 ,,Brasseur ,0,2012,http://barilroulant.com/,info@barilroulant.com,819-320-0069,https://www.facebook.com/brasseurdu.barilroulant?fref=ts,http://www.ratebeer.com/brewers/micro-brasserie-le-baril-roulant/15519/,https://untappd.com/BarilRoulant,X,https://twitter.com/lebarilroulant,?,?,?,?,?,,
RAS L'BOCK,RAS L'BOCK INC.,,"B-4, CHEMIN DU ROY EST ",SAINT-JEAN-PORT-JOLI ,G0R 3G0 ,Québec,Canada,47.21474,-70.269026,12,BR108 ,,Brasseur ,1,2015,http://www.raslbock.com/,raslbock@hotmail.com,418-358-0886,https://www.facebook.com/raslbock,http://www.ratebeer.com/brewers/ras-lbock/23012/,https://untappd.com/RasLBock12345,https://www.aumenu.info/pub-ras-lbock/,https://twitter.com/RasLBock,Q26204792,?,https://www.instagram.com/raslbock/,?,?,,
MICROBRASSERIE LA PÉCHERESSE ,9313-4138 QUÉBEC INC.,,"355, RUE SAINT-ZÉPHIRIN ",LA TUQUE ,G9X 1X3 ,Québec,Canada,47.431096,-72.782109,4,BR109 ,,Brasseur ,0,2015,https://www.facebook.com/Microbrasserie-La-Pécheresse-Bières-Artisanales-1518064318463367/,microlapecheresse@gmail.com,514-903-5844,https://www.facebook.com/Microbrasserie-La-Pécheresse-Bières-Artisanales-1518064318463367,http://www.ratebeer.com/brewers/la-pecheresse/25857/,https://untappd.com/architects777,X,https://twitter.com/micro_la,?,?,?,?,?,,
BISHOP'S UNIVERSITY,BISHOP'S UNIVERSITY,BISHOP'S ARCHES BREWERY,"2600, RUE COLLÈGE ",SHERBROOKE ,J1M 1Z7 ,Québec,Canada,45.365616,-71.84779,5,BR110 ,,Brasseur ,0,2015,http://www.ubishops.ca/new-graduate-certificate-brewing-science/,?,819-822-9600 Ext 2369,https://www.facebook.com/Bishops-Arches-Brewery-560756627297804/timeline/,?,https://untappd.com/w/bishop-s-arches-brewery/271136,X,X,?,?,https://www.instagram.com/archesbrewery/,?,?,,
BRASSERIE AUVAL BREWING CO.,9311-6341 QUÉBEC INC.,,"397, ROUTE DES PÈRES ",PERCÉ ,G0C 3G0,Québec,Canada,48.524728,-64.212237,11,BR111 ,,Brasseur ,1,2015,http://www.auval.ca/,info@auval.ca,418-783-2452,https://www.facebook.com/auval.ca/timeline,http://www.ratebeer.com/brewers/brasserie-auval-brewing-co/24096/,https://untappd.com/BrasserieAuvalBrewingco,X,X,?,?,?,?,?,,
BRASSEURS DE L'OUTAOUAIS,BRASSEURS DE L'OUTAOUAIS INC.,,"332-3, CHEMIN INDUSTRIEL ",GATINEAU ,J8R 3N9,Québec,Canada,45.521402,-75.532113,7,BR112 ,,Brasseur ,0,2015,http://www.brasseursdeloutaouais.com/,info@brasseursdeloutaouais.com,819-661-2584,https://www.facebook.com/brasseursdeloutaouais,http://www.ratebeer.com/brewers/brasseurs-de-loutaouais/23918/,https://untappd.com/w/brasseurs-de-loutaouais/191479,X,X,?,?,https://www.flickr.com/photos/130906389@N05/,?,?,,
MICROBRASSERIE LE BOCKALE,MICROBRASSERIE LE BOCKALE INC.,,"2400, RUE CANADIEN, suite 201",DRUMMONDVILLE,J2C 7W3,Québec,Canada,45.882696,-72.543836,17,BR113,,Brasseur ,1,2015,http://www.lebockale.com/,microbrasserie@lebockale.com,819-857-4857,https://www.facebook.com/LeBockAle,http://www.ratebeer.com/brewers/microbrasserie-le-bockale/22692/,https://untappd.com/MicrobrasserieLeBockAle,https://www.aumenu.info/microbrasserie-le-bockale/,https://twitter.com/Le_bockale,?,https://www.youtube.com/channel/UCY9nsi2Vs3GYV0uqkwowgug,https://www.instagram.com/le_bockale/,?,?,,
MABRASSERIE COOP DE SOLIDARITÉ BRASSICOLE,MABRASSERIE COOP DE SOLIDARITÉ BRASSICOLE,,"2300, RUE HOLT",MONTRÉAL ,H2G 1Y4,Québec,Canada,45.549755,-73.580449,6,BR114,,Brasseur ,0,2015,http://www.mabrasserie.com/,info@mabrasserie.com,514-576-2903,https://www.facebook.com/mabrasserie,http://www.ratebeer.com/brewers/mabrasserie/25111/,https://untappd.com/MABRASSERIE,X,https://twitter.com/mabrasserie,?,?,?,?,?,,
LA CHASSE-PINTE,COOPÉRATIVE DE SOLIDARITÉ LES ATELIERS COOPÉRATIFS DU FJORD,,"220, RUE SAINT-JEAN-BAPTISTE",L'ANSE-SAINT-JEAN,G0V 1J0,Québec,Canada,48.225605,-70.22863,2,BR115,,Brasseur ,0,2015,http://www.chasse-pinte.com/,mathieu.boily@ateliersdufjord.ca,418-608-8559,https://www.facebook.com/microbrasserielachassepinte,http://www.ratebeer.com/brewers/microbrasserie-la-chasse-pinte/26482/,https://untappd.com/w/brasserie-cooperative-la-chassepinte/240191,X,X,?,?,?,?,?,,
MICROBRASSERIE LE MALTBORD,MICROBRASSERIE LE MALTBORD INC.,,"178, 1ÈRE AVENUE OUEST",SAINTE-ANNE-DES-MONTS,G4V 1C9,Québec,Canada,49.127448,-66.496354,11,BR116,,Brasseur ,1,2014,http://www.lemalbord.com,lemalbord@gmail.com,418.764.0022,https://www.facebook.com/lemalbord,http://www.ratebeer.com/brewers/le-malbord/24104/,https://untappd.com/w/microbrasserie-le-malbord/177331,https://www.aumenu.info/microbrasserie-le-malbord/,X,?,https://www.youtube.com/channel/UCAAQFkv__AAbiLhdpsji0XA,https://www.instagram.com/lemalbord/,https://fr.pinterest.com/lmalbord/,?,https://plus.google.com/u/0/109225194400702637215,
MICROBRASSERIE RIVERBEND,MICROBRASSERIE RIVERBEND INC.,,"945, AVENUE SICARD",ALMA,G8B 7R5,Québec,Canada,48.56897,-71.6508,2,BR117,,Brasseur ,1,2016,http://microriverbend.com,O.SPENARD@MICRORIVERBEND.COM,418-758-1519,https://www.facebook.com/Microbrasserie-Riverbend-1140437422657517/?ref=un_c,http://www.ratebeer.com/brewers/microbrasserie-riverbend/25351/,https://untappd.com/w/microbrasserie-riverbend/240502,X,https://twitter.com/MicroRiverbend,?,?,https://www.instagram.com/microriverbend/,?,?,,
AUBERGE SUTTON BROUËRIE,AUBERGE SUTTON BROUËRIE INC.,,"27, RUE PRINCIPALE SUD",SUTTON,J0E 2K0,Québec,Canada,45.112625,-72.617367,16,BR118,,Brasseur ,1,2015,http://www.aubergesuttonbrouerie.com/,info@aubergesuttonbrouerie.com,450-538-0005,https://www.facebook.com/aubergesuttonbrouerie,http://www.ratebeer.com/brewers/sutton-brouerie/24791/,https://untappd.com/AubergeSuttonBrouerie,X,X,?,?,https://www.instagram.com/suttonbrouerie/,?,?,,
BRASSERIE VROODEN,BRASSERIE VROODEN INC.,,"617, RUE SIMONDS SUD",GRANBY ,J2J 1C1,Québec,Canada,45.39226,-72.7576,16,BR119,,Brasseur ,1,2016,http://vrooden.wix.com/vrooden,info@vrooden.com,579-488-5580,https://www.facebook.com/MBVrooden,http://www.ratebeer.com/brewers/brasserie-vrooden/26630/,https://untappd.com/w/brasserie-vrooden-brewery/268357,X,X,?,?,?,?,?,,
MICRO-BRASSERIE LE GRIMOIRE,MICRO-BRASSERIE LE GRIMOIRE INC. ,,"1546, RUE PRINCIPALE",GRAMBY,J2J 0S6,Québec,Canada,45.42498,-72.8072,16,BR120,,Brasseur ,0,2016,http://www.brasseriegrimoire.com,pascal@brasseriegrimoire.com,450-372-7079,https://www.facebook.com/brasseriegrimoire/,http://www.ratebeer.com/brewers/le-grimoire-microbrasserie/5450/,https://untappd.com/w/microbrasserie-le-grimoire/14185,X,X,?,?,?,?,?,,
BRASSERIE ET DISTILLERIE OSHLAG,9321-8477 QUÉBEC INC.,,"2350, RUE DICKSON, LOCAL 1400",MONTRÉAL,H1N 3T1 ,Québec,Canada,45.56727,-73.5374,6,BR121,,Brasseur ,0,2016,http://oshlag.com,info@oshlag.com,514-933-2333,https://www.facebook.com/Oshlag/,http://www.ratebeer.com/brewers/oshlag-brasserie-distillerie/23374/,https://untappd.com/w/oshlag-brasserie-distillerie/68489,X,https://twitter.com/OshlagBrassDist,?,?,https://www.instagram.com/oshlag/,?,?,,
LE SECRET DES DIEUX,LE SECRET DES DIEUX INC.,,"1252, CHEMIN GUÉRETTE",PEHENEGAMOOK,G0L 1J0,Québec,Canada,47.46119,-69.2245,1,BR122,,Brasseur ,1,2016,?,info@lesecretdesdieux.com,418-859-3438,https://www.facebook.com/SecretdesDieux/,http://www.ratebeer.com/brewers/le-secret-des-dieux/27365/,https://untappd.com/w/le-secret-des-dieux/273741,X,X,?,?,?,?,?,,
LES BRASSEURS DE MONTEBELLO,LES BRASSEURS DE MONTEBELLO INC.,,237-A RUE SAINT-CHARLES,MONTEBELLO,J0V 1L0,Québec,Canada,45.652137,-74.945665,7,BR123,,Brasseur ,0,2014,http://www.brasseursdemontebello.com/,info@brasseursdemontebello.com,819-309-0807,https://www.facebook.com/BrasseursMontebello,http://www.ratebeer.com/brewers/brasseurs-de-montebello/19877/,https://untappd.com/w/les-brasseurs-de-montebello/133837,X,X,?,?,?,?,?,,Possède un pub à une adresse différente
MICROBRASSERIE LE LION BLEU,9311-8818 QUÉBEC INC.,,"45, SAINT-JOSEPH",ALMA,G8B 6V4,Québec,Canada,48.55003,-71.651989,2,BR124,,Brasseur ,0,2015,http://microlionbleu.com/,contact@microlionbleu.com,418-769-0795,https://www.facebook.com/microlionbleu/,http://www.ratebeer.com/brewers/microbrasserie-lion-bleu/23898/,https://untappd.com/MicroLionBleu,X,X,?,?,?,?,?,,
MICROBRASSERIE SAINT-ARNOULD,MICROBRASSERIE SAINT-ARNOULD INC.,,"1039, RUE SAINT-ROCK",MONT-TREMBLANT,J8E 2Y9,Québec,Canada,46.12929,-74.5943,15,BR125,,Brasseur ,0,2016,http://www.saintarnould.com,info@saintarnould.com,819-425-1262,https://www.facebook.com/saintarnould/?ref=ts&fref=ts,http://www.ratebeer.com/brewers/saint-arnould/916/,https://untappd.com/w/microbrasserie-saintarnould/3578,X,https://twitter.com/StArnould,?,?,?,?,?,,
BRASSERIE DU BOIS BLANC,BRASSERIE DU BOIS BLANC INC.,,"518, RUE MAIN",HUDSON,J0P 1H0,Québec,Canada,45.46052,-74.145062,16,BR126,,Brasseur ,0,2016,http://boisblanc.ca/,?,450-613-1506,https://m.facebook.com/brasserieduboisblanc/,http://www.ratebeer.com/brewers/brasserie-du-bois-blanc/28702/,https://untappd.com/w/brasserie-du-bois-blanc/254809,?,?,?,?,?,?,?,,
MONSREGIUS BIÈRES ARTISANALES,9330-0135 QUÉBEC INC.,,"1750, RUE MARIE-VICTORIN, SECTION 5",SAINT-BRUNO-DEMONTARVILLE,J3V 6B9,Québec,Canada,45.51572,-73.360482,16,BR127,,Brasseur ,0,2016,monsregius.ca,info@monsregius.ca,514-241-6844,https://www.facebook.com/MonsRegius/,http://www.ratebeer.com/brewers/monsregius-bieres-artisanales/21918/,https://untappd.com/MonsRegius,?,https://twitter.com/MonsRegius_ba,?,?,?,?,?,http://monsregius-bieres-artisanales.tumblr.com/,
DOMAINE BERTHIAUME,CARL BERTHIAUME,,"562, CHEMIN DU PETIT-BERNIER",SAINT-JEAN-SUR-RICHELIEU,J3B 6Y8,Québec,Canada,45.271221,-73.307583,16,BR128,,Brasseur ,0,2016,?,domaineberthiaume@gmail.com,514-715-4118,,http://www.ratebeer.com/brewers/domaine-berthiaume/28265/,https://untappd.com/w/domaine-berthiaume/291098,https://www.aumenu.info/domaine-berthiaume-bh/,?,?,?,?,?,?,,
"LE TEMPS D'UNE PINTE, COOP DE TRAVAIL BRASSICOLE","LE TEMPS D'UNE PINTE, COOP DE TRAVAIL BRASSICOLE",,"1465, RUE NOTRE-DAME CENTRE",TROIS-RIVIERES,G9A 4X4,Québec,Canada,46.34145,-72.540636,4,BR129,,Brasseur ,0,2016,letempsdunepinte.ca,?,819-694-4484,https://www.facebook.com/tempsdunepinte,http://www.ratebeer.com/brewers/le-temps-dune-pinte/18549/,https://untappd.com/tempsdunepinte,?,https://twitter.com/tempsdunepinte,?,https://www.youtube.com/user/tempsdunepinte,?,?,?,https://fr.foursquare.com/v/le-temps-dune-pinte/520c488704932996b213260c,
BRASSERIE NEW DEAL,BRASSERIE NEW DEAL,,"1500, RUE NOBEL - LOCAL J",BOUCHERVILLE,J4B 5H3,Québec,Canada,45.56762,-73.4183,16,BR130,,Brasseur ,1,2016,http://www.brasserie-newdeal.com,dguay@brasserie-newdeal.com,514-312-3035,https://www.facebook.com/biere.boldwin.beer,http://www.ratebeer.com/brewers/brasserie-new-deal-brewing-co/27242/,https://untappd.com/BrasserieNewDealBrewingCo,?,https://twitter.com/bnewdeal,?,?,https://www.instagram.com/boldwin_b/,?,?,,
MICROBRASSERIE LAGABIÈRE,MICROBRASSERIE LAGABIÈRE,,"780, AVENUE THOMAS",SAINT-JEAN-SUR-RICHELIEU,J2X 5E7,Québec,Canada,45.305392,-73.250639,16,BR131,,Brasseur ,0,2016,lagabiere.com,sebastien.laganiere@hotmail.com,450-376-6343,https://www.facebook.com/Lagabi%C3%A8re-1628349960725526/,http://www.ratebeer.com/brewers/lagabiere/15804/,https://untappd.com/Lagabiere,?,?,?,?,?,?,?,,
MICROBRASSERIE LES GRANDS BOIS,"MICROBRASSERIE LES GRANDS BOIS, COOPÉRATIVE DE TRAVAIL BRASSICOLE",,"415, RUE TESSIER EST",SAINT-CASIMIR,G0A 3L0,Québec,Canada,46.657917,-72.136123,3,BR132,,Brasseur ,0,2016,?,?,418-325-4211,https://www.facebook.com/Microbrasserie-Les-Grands-Bois-684837684960484/?fref=ts#,http://www.ratebeer.com/brewers/les-grands-bois/27967/,https://untappd.com/Les_Grands_Bois,?,?,?,?,?,?,?,,
MICROBRASSERIE MALTSTROM,MICROBRASSERIE MALTSTROM INC.,,"557E, ROUTE 131",NOTRE-DAME-DES-PRAIRIES,J6E 0M1,Québec,Canada,46.056006,-73.418917,14,BR133,,Brasseur ,0,2016,http://www.maltstrom.com/brasserie-artisanale-lanaudiere/,?,?,https://www.facebook.com/maltstrom,http://www.ratebeer.com/brewers/microbrasserie-maltstrom/29031/,https://untappd.com/Maltstrom,?,?,?,?,?,?,?,,
HOTEL ROQUEMONT ,HOTEL ROQUEMONT INC.,,"105, GRANDE LIGNE",SAINT-RAYMOND,G3L 2Y4,Québec,Canada,46.899844,-71.815251,3,BR134,,Brasseur ,0,2016,http://www.roquemont.com/,reservations@roquemont.com,418-337-6734,https://www.facebook.com/roquemont,http://www.ratebeer.com/brewers/microbrasserie-du-roquemont/23594/,https://untappd.com/w/roquemont/195746,?,?,?,https://www.youtube.com/watch?v=pqsqQxHcEyU&feature=youtu.be,?,?,?,https://fr.tripadvisor.ca/Hotel_Review-g1904100-d4723781-Reviews-Hotel_Roquemont-Saint_Raymond_Quebec.html,
MICROBRASSERIE L'ARSENAL,MICROBRASSERIE L'ARSENAL INC.,,"473, 1er RANG NORD",CHARETTE,G0X 1E0,Québec,Canada,46.453988,-72.9415,4,BR135,,Brasseur ,0,2016,?,?,819-221-4677,?,http://www.ratebeer.com/brewers/larsenal/29362/,https://untappd.com/w/microbrasserie-l-arsenal/308259,?,?,?,?,?,?,?,,
BRASSEURS DU MONDE,BRASSEURS DU MONDE INC. ,,"3755, RUE PICARD - LOCAL 2",SAINT-HYACINTHE,J2S 1H3,Québec,Canada,45.635627,-72.984067,16,BR136,,Brasseur ,1,2016,http://www.brasseursdumonde.com/,info@brasseursdumonde.ca,450-250-2611,https://www.facebook.com/BrasseurDuMonde,http://www.ratebeer.com/brewers/brasseurs-du-monde--le-picoleur/12944/,https://untappd.com/w/brasseurs-du-monde/17022,?,https://twitter.com/BrasseurDuMonde,?,?,?,?,?,,
BRASSEURS DE MONTRÉAL (BERRI),,,"775, RUE BERRI",MONTRÉAL ,H2Y 3E5,Québec,Canada,45.512017,-73.553208,6,,BR060 ,Sans permis,0,2008,http://www.brasseurdemontreal.ca/ ,info@bdmtl.ca,514-788-4500,https://www.facebook.com/BrasseurdeMontreal,http://www.ratebeer.com/brewers/brasseurs-de-montreal/9464/,https://untappd.com/dmerineau,X,https://twitter.com/BrasseurMtl,?,?,?,?,?,,
BIÈRES JUKEBOX (BDM) GRIFFINTON,,,"1483, RUE OTTAWA ",MONTRÉAL ,H3C 1S9 ,Québec,Canada,45.48978,-73.564426,6,,BR121,Sans permis,0,2012,http://www.bieresjukebox.com/,renaudgouin@gmail.com,?,https://www.facebook.com/Bi%C3%A8res-Jukebox-145333718938314/,http://www.ratebeer.com/brewers/jukebox/15116/,https://untappd.com/BieresJukebox,X,https://twitter.com/BieresJukebox,?,?,?,?,?,,
AVANT-GARDE BRASSEURS,,,"2350, RUE DICKSON, LOCAL 1400",MONTRÉAL,H1N 3T1 ,Québec,Canada,45.56727,-73.5374,6,,BR121,Sans permis,0,2016,http://brasseursavantgarde.com/,renaud@brasseursavantgarde.com,?,https://www.facebook.com/avantgardeartisansbrasseurs/,http://www.ratebeer.com/brewers/avant-garde-artisans-brasseurs/27375/,https://untappd.com/w/avant-garde-artisans-brasseurs/274372,?,?,?,?,?,?,?,,
MICROBRASSERIE VOX POPULI,,,?,?,?,Québec,Canada,45.56727,-73.5374,6,,BR121,Sans permis,0,2016,http://www.microbrasserievoxpopuli.com/,info@microbrasserievoxpopuli.com,?,https://www.facebook.com/Microbrasserie-Vox-Populi-174556829228617/,http://www.ratebeer.com/brewers/microbrasserie-vox-populi/21877/,https://untappd.com/VoxNation,X,https://twitter.com/Black_Barn,?,?,https://www.instagram.com/microbrasserievoxpopuli/,?,?,,
LE GRIENDEL,,,"195, RUE SAINT-VALLIER OUEST",QUÉBEC,G1K 1K2,Québec,Canada,46.811779,-71.234812,3,,BR114,Sans permis,0,2015,http://www.monsaintsauveur.com/entreprises/griendel/,martin@griendel.com,581-742-2884,https://www.facebook.com/Brasserie.artisanale.griendel,http://www.ratebeer.com/brewers/griendel-brasserie-artisanale/24899/,https://untappd.com/Griendel,https://www.aumenu.info/griendel-brasserie-artisanale/,https://twitter.com/GriendelBrewpub,?,?,?,?,?,,
BROUHAHA (AHUNTSIC),,,"10295, AVENUE PAPINEAU",MONTRÉAL,H2B 2A1,Québec,Canada,45.56826,-73.6531,6,,BR114,Sans permis,0,2008,http://www.brouepubbrouhaha.com/,info@brouepubbrouhaha.com,438-380-5563,https://www.facebook.com/brouepubbrouhaha,http://www.ratebeer.com/brewers/broue-pub-brouhaha/9459/,https://untappd.com/w/broue-pub-brouhaha/13643,X,X,?,?,https://www.instagram.com/brouepubbrouhaha/,?,?,,
BROUHAHA (ROSEMONT),,,"5860, AVENUE DE LORIMIER",MONTRÉAL,H2G 2N9,Québec,Canada,45.54238,-73.5884,6,,BR114,Sans permis,0,2008,http://www.brouepubbrouhaha.com/,Info@brouepubbrouhaha.com,514-271-7571,https://www.facebook.com/brouepubbrouhaha,http://www.ratebeer.com/brewers/broue-pub-brouhaha/9459/,https://untappd.com/w/broue-pub-brouhaha/13643,X,https://twitter.com/PubBrouhaha,?,?,https://www.instagram.com/brouepubbrouhaha/,?,?,,
ISLE DE GARDE,,,"1039, RUE BEAUBIEN EST",MONTRÉAL ,H2S 1T3,Québec,Canada,45.537684,-73.601736,6,,BR114,Sans permis,0,2014,http://www.isledegarde.com/,info@isledegarde.com,514-303-1661,https://www.facebook.com/Isle-de-Garde-510908485722378/,http://www.ratebeer.com/brewers/isle-de-garde/21105/,https://untappd.com/v/isle-de-garde/2068439,https://www.aumenu.info/isle-de-garde/,X,?,?,https://www.instagram.com/isledegarde/,?,?,,
BOSWELL BRASSERIE ARTISANALE,,,"2407, RUE MONT-ROYAL EST",MONTRÉAL ,H2H 1L1,Québec,Canada,45.538315,-73.56958,6,,BR114,Sans permis,0,2015,http://brasserieboswell.com/,info@brasserieboswell.com,438-386-4661,https://www.facebook.com/brasserieboswell,http://www.ratebeer.com/brewers/boswell-brasserie-artisanale/24953/,https://untappd.com/Boswell,X,X,?,?,https://www.instagram.com/brasserieboswell/,?,?,,
NOIRE ET BLANCHE,,,"196, RUE SAINT-EUSTACHE",SAINT-EUSTACHE ,J7R 2L5,Québec,Canada,45.558247,-73.894361,15,,BR114,Sans permis,0,2012,http://noire-et-blanche.ca/,info@noire-et-blanche.ca,450-983-6100,https://www.facebook.com/nebmicro/,http://www.ratebeer.com/brewers/noire-et-blanche/14989/,https://untappd.com/NoireetBlancheMicrobrasserie,X,https://twitter.com/nebmicro,?,https://www.youtube.com/channel/UC797DOneSgQCeOfVSZzNxqA,?,?,?,,
YÏSST,,,"901, ST-ZOTIQUE",MONTRÉAL,H2S 1M9,Québec,Canada,45.53821,-73.6062,6,,BR114,Sans permis,0,?,http://yisst.com/,info@yisst.com,514-439-0992,https://www.facebook.com/yisst.pub.petite.patrie,http://www.ratebeer.com/p/yisst/57900/,?,X,?,?,?,https://www.instagram.com/yisst_pub/,?,?,,Avec La Succursale 
BIRRA,,,"7129, BOULEVARD SAINT-LAURENT",MONTRÉAL,H2S 0B2,Québec,Canada,45.53444,-73.6178,6,,BR114,Sans permis,0,?,http://birra.ca,info@birra.ca,514-447-3154,https://www.facebook.com/birrabarabieresmaison,?,https://untappd.com/v/birra/4054597,https://www.aumenu.info/birra-bar-a-bieres-maison/,?,?,?,https://www.instagram.com/birra_bar_a_bieres_maison/,?,?,,Avec La Succursale 
